name,start,stop,probe,reference,dG,Tm,length,GC,GC_HCR3-P1,GC_HCR3-P2,length_HCR3-P1,length_HCR3-P2,Tm_HCR3-P1,Tm_HCR3-P2,isoforms_P1,isoforms_P2,MSA_position,SNV_score,HCR3-P1,HCR3-P2,HCR3-P1_junction_SNV,HCR3-P2-_junction_SNV,HCR3_SNV,HCR3-P1-B2,HCR3-P2-B2
NM_009957.2-5,102,154,AATTGTTGGCTCTTCCAGTTGTATCCTCTCAGGTTTACCATTTCAAATTGCT,AGCAATTTGAAATGGTAAACCTGAGAGGATACAACTGGAAGAGCCAACAATT,-45.748785963481645,64.06,52,38.46153846153846,40.0,36.0,25,25,49.89,48.58,"{'NM_009957.2': 0, 'NM_201243.1': 8}","{'NM_009957.2': 0, 'NM_201243.1': 9}",102,0.75,AATTGTTGGCTCTTCCAGTTGTATC,CTCAGGTTTACCATTTCAAATTGCT,1.0,1.0,2.0,AATTGTTGGCTCTTCCAGTTGTATCAAATCATCCAGTAAACCGCC,CCTCGTAAATCCTCATCAAACTCAGGTTTACCATTTCAAATTGCT
NM_009957.2-40,1075,1127,CACAAGAATGGTACAGTGTCCAGGCAGTTGTGGGAACCCTTTATCACGTGCC,GGCACGTGATAAAGGGTTCCCACAACTGCCTGGACACTGTACCATTCTTGTG,-51.792168197884344,68.73,52,51.92307692307692,52.0,52.0,25,25,53.81,55.66,"{'NM_009957.2': 0, 'NM_201243.1': 4}","{'NM_009957.2': 0, 'NM_201243.1': 7}",1075,0.21,CACAAGAATGGTACAGTGTCCAGGC,TTGTGGGAACCCTTTATCACGTGCC,0.33,0.67,1.0,CACAAGAATGGTACAGTGTCCAGGCAAATCATCCAGTAAACCGCC,CCTCGTAAATCCTCATCAAATTGTGGGAACCCTTTATCACGTGCC
NM_009957.2-85,1148,1200,TGTCCTCGGATACTGGGAGAGACAAGGAACTAACCGTCAACTGTGGAGCGTT,AACGCTCCACAGTTGACGGTTAGTTCCTTGTCTCTCCCAGTATCCGAGGACA,-51.87389478179535,69.05,52,51.92307692307692,52.0,48.0,25,25,54.69,54.95,"{'NM_009957.2': 0, 'NM_201243.1': 9}","{'NM_009957.2': 0, 'NM_201243.1': 9}",1148,0.42,TGTCCTCGGATACTGGGAGAGACAA,AACTAACCGTCAACTGTGGAGCGTT,1.0,0.67,1.67,TGTCCTCGGATACTGGGAGAGACAAAAATCATCCAGTAAACCGCC,CCTCGTAAATCCTCATCAAAAACTAACCGTCAACTGTGGAGCGTT
NM_009957.2-107,1206,1258,TTGGCACCGGAATCACGGTCAAATACGCTAATTAAAGTGACGACTCTTCCAG,CTGGAAGAGTCGTCACTTTAATTAGCGTATTTGACCGTGATTCCGGTGCCAA,-49.35005148016709,66.40,52,46.15384615384615,48.0,40.0,25,25,55.19,47.33,"{'NM_009957.2': 0, 'NM_201243.1': 9}","{'NM_009957.2': 0, 'NM_201243.1': 9}",1206,0.44,TTGGCACCGGAATCACGGTCAAATA,CTAATTAAAGTGACGACTCTTCCAG,0.33,0.67,1.0,TTGGCACCGGAATCACGGTCAAATAAAATCATCCAGTAAACCGCC,CCTCGTAAATCCTCATCAAACTAATTAAAGTGACGACTCTTCCAG
NM_009957.2-111,1828,1880,CTGACCAGGCACCAAAGCTCTTGATACTACCTCATTCATTGTGCCACCAACC,GGTTGGTGGCACAATGAATGAGGTAGTATCAAGAGCTTTGGTGCCTGGTCAG,-50.54112031782631,67.79,52,50.0,52.0,48.0,25,25,55.47,53.72,"{'NM_009957.2': 0, 'NM_201243.1': 9}","{'NM_009957.2': 0, 'NM_201243.1': 8}",1828,0.44,CTGACCAGGCACCAAAGCTCTTGAT,TACCTCATTCATTGTGCCACCAACC,0.67,0.33,1.0,CTGACCAGGCACCAAAGCTCTTGATAAATCATCCAGTAAACCGCC,CCTCGTAAATCCTCATCAAATACCTCATTCATTGTGCCACCAACC
NM_009957.2-113,1960,2012,CGTGCTGATTTCTCCTGTGTACAGGCCTACACGGAAGGGACTACGAACTCCA,TGGAGTTCGTAGTCCCTTCCGTGTAGGCCTGTACACAGGAGAAATCAGCACG,-52.43317255061689,69.26,52,53.84615384615385,52.0,52.0,25,25,53.51,54.99,"{'NM_009957.2': 0, 'NM_201243.1': 8}","{'NM_009957.2': 0, 'NM_201243.1': 7}",1960,0.31,CGTGCTGATTTCTCCTGTGTACAGG,TACACGGAAGGGACTACGAACTCCA,0.0,0.67,0.67,CGTGCTGATTTCTCCTGTGTACAGGAAATCATCCAGTAAACCGCC,CCTCGTAAATCCTCATCAAATACACGGAAGGGACTACGAACTCCA
NM_009957.2-114,2032,2084,AGGTTCTCCGTGATCTTTCACCAACACTAACAAGCACTGCCGCAAGGCATCT,AGATGCCTTGCGGCAGTGCTTGTTAGTGTTGGTGAAAGATCACGGAGAACCT,-52.49635165750067,69.38,52,50.0,48.0,52.0,25,25,53.10,57.64,"{'NM_009957.2': 0, 'NM_201243.1': 9}","{'NM_009957.2': 0, 'NM_201243.1': 6}",2032,0.35,AGGTTCTCCGTGATCTTTCACCAAC,TAACAAGCACTGCCGCAAGGCATCT,0.67,0.33,1.0,AGGTTCTCCGTGATCTTTCACCAACAAATCATCCAGTAAACCGCC,CCTCGTAAATCCTCATCAAATAACAAGCACTGCCGCAAGGCATCT
NM_009957.2-126,2111,2163,CTGACACCTTAGATGAGACCTTCTGTGTTTGGCCGCTGTCTACCAGAGAAAG,CTTTCTCTGGTAGACAGCGGCCAAACACAGAAGGTCTCATCTAAGGTGTCAG,-49.60876500588046,66.94,52,50.0,48.0,52.0,25,25,50.43,55.11,"{'NM_009957.2': 0, 'NM_201243.1': 8}","{'NM_009957.2': 0, 'NM_201243.1': 9}",2111,0.42,CTGACACCTTAGATGAGACCTTCTG,TTTGGCCGCTGTCTACCAGAGAAAG,0.67,0.67,1.34,CTGACACCTTAGATGAGACCTTCTGAAATCATCCAGTAAACCGCC,CCTCGTAAATCCTCATCAAATTTGGCCGCTGTCTACCAGAGAAAG
NM_201243.1-0,24,76,CCTCCCAAACTGCTATGAGCAGAAGCGAAAGCACTAGAAGCTGGTCGTCTGG,CCAGACGACCAGCTTCTAGTGCTTTCGCTTCTGCTCATAGCAGTTTGGGAGG,-52.54084625688804,69.12,52,53.84615384615385,52.0,52.0,25,25,53.47,54.84,"{'NM_009957.2': 8, 'NM_201243.1': 0}","{'NM_009957.2': 9, 'NM_201243.1': 0}",109,0.77,CCTCCCAAACTGCTATGAGCAGAAG,AAAGCACTAGAAGCTGGTCGTCTGG,1.0,1.0,2.0,CCTCCCAAACTGCTATGAGCAGAAGAAATCATCCAGTAAACCGCC,CCTCGTAAATCCTCATCAAAAAAGCACTAGAAGCTGGTCGTCTGG
NM_201243.1-5,968,1020,AACTTCCACAAGAACCGTGCAATGACCAATCAGTGGTGGGAGGCCCTTATCA,TGATAAGGGCCTCCCACCACTGATTGGTCATTGCACGGTTCTTGTGGAAGTT,-52.002203664594006,69.38,52,50.0,44.0,52.0,25,25,53.75,55.93,"{'NM_009957.2': 6, 'NM_201243.1': 0}","{'NM_009957.2': 5, 'NM_201243.1': 0}",1081,0.21,AACTTCCACAAGAACCGTGCAATGA,AATCAGTGGTGGGAGGCCCTTATCA,0.67,0.33,1.0,AACTTCCACAAGAACCGTGCAATGAAAATCATCCAGTAAACCGCC,CCTCGTAAATCCTCATCAAAAATCAGTGGTGGGAGGCCCTTATCA
NM_201243.1-22,1099,1151,TGCCCGTTGATACCTGAGTCTAGATCAATCACACTGATCAGGGCAATAATTT,AAATTATTGCCCTGATCAGTGTGATTGATCTAGACTCAGGTATCAACGGGCA,-46.991603954776174,65.04,52,42.30769230769231,48.0,36.0,25,25,53.20,49.31,"{'NM_009957.2': 9, 'NM_201243.1': 0}","{'NM_009957.2': 8, 'NM_201243.1': 0}",1212,0.4,TGCCCGTTGATACCTGAGTCTAGAT,ATCACACTGATCAGGGCAATAATTT,0.67,0.33,1.0,TGCCCGTTGATACCTGAGTCTAGATAAATCATCCAGTAAACCGCC,CCTCGTAAATCCTCATCAAAATCACACTGATCAGGGCAATAATTT
NM_201243.1-38,1790,1842,CCATGAGAGCAGCTCATAAGACAGCCAAGCATTGTAACCAGAGTCTGCATCT,AGATGCAGACTCTGGTTACAATGCTTGGCTGTCTTATGAGCTGCTCTCATGG,-49.90011596509374,67.26,52,48.07692307692308,52.0,44.0,25,25,53.47,52.54,"{'NM_009957.2': 4, 'NM_201243.1': 0}","{'NM_009957.2': 8, 'NM_201243.1': 0}",1903,0.23,CCATGAGAGCAGCTCATAAGACAGC,AGCATTGTAACCAGAGTCTGCATCT,0.33,0.33,0.66,CCATGAGAGCAGCTCATAAGACAGCAAATCATCCAGTAAACCGCC,CCTCGTAAATCCTCATCAAAAGCATTGTAACCAGAGTCTGCATCT
NM_201243.1-83,1902,1954,TTACCAGCACCAGCAAACGTTGTCTAGTCCCATCTGTTTCATCCAAAGACCT,AGGTCTTTGGATGAAACAGATGGGACTAGACAACGTTTGCTGGTGCTGGTAA,-49.63205212501638,67.25,52,46.15384615384615,48.0,44.0,25,25,55.48,52.36,"{'NM_009957.2': 8, 'NM_201243.1': 0}","{'NM_009957.2': 9, 'NM_201243.1': 0}",2015,0.38,TTACCAGCACCAGCAAACGTTGTCT,TCCCATCTGTTTCATCCAAAGACCT,1.0,0.67,1.67,TTACCAGCACCAGCAAACGTTGTCTAAATCATCCAGTAAACCGCC,CCTCGTAAATCCTCATCAAATCCCATCTGTTTCATCCAAAGACCT
NM_201243.1-91,2042,2094,CACGTTGACATCCACTAAAGATGGCTCTGGCACAGTAACACCCACAGAGGAT,ATCCTCTGTGGGTGTTACTGTGCCAGAGCCATCTTTAGTGGATGTCAACGTG,-50.78630813017516,68.06,52,50.0,48.0,52.0,25,25,52.28,56.13,"{'NM_009957.2': 9, 'NM_201243.1': 0}","{'NM_009957.2': 7, 'NM_201243.1': 0}",2155,0.5,CACGTTGACATCCACTAAAGATGGC,TGGCACAGTAACACCCACAGAGGAT,0.33,0.33,0.66,CACGTTGACATCCACTAAAGATGGCAAATCATCCAGTAAACCGCC,CCTCGTAAATCCTCATCAAATGGCACAGTAACACCCACAGAGGAT
NM_201243.1-94,2327,2379,CTCGGAGGAGTCCAAAGAAACAGATGGTTCTGCAGATCCAGGACATGGAGGT,ACCTCCATGTCCTGGATCTGCAGAACCATCTGTTTCTTTGGACTCCTCCGAG,-51.19802020497768,68.67,52,51.92307692307692,48.0,52.0,25,25,52.46,55.80,"{'NM_009957.2': 8, 'NM_201243.1': 0}","{'NM_009957.2': 9, 'NM_201243.1': 0}",2445,0.67,CTCGGAGGAGTCCAAAGAAACAGAT,TTCTGCAGATCCAGGACATGGAGGT,1.0,1.0,2.0,CTCGGAGGAGTCCAAAGAAACAGATAAATCATCCAGTAAACCGCC,CCTCGTAAATCCTCATCAAATTCTGCAGATCCAGGACATGGAGGT
