name,start,stop,probe,reference,dG,Tm,length,GC,GC_HCR3-P1,GC_HCR3-P2,length_HCR3-P1,length_HCR3-P2,Tm_HCR3-P1,Tm_HCR3-P2,isoforms_P1,isoforms_P2,MSA_position,SNV_score,HCR3-P1,HCR3-P2,HCR3-P1_junction_SNV,HCR3-P2-_junction_SNV,HCR3_SNV
Mouse_NM_001081445.1-0,411,463,ACACAGGAAGAATTTGGACTCTCCAACGCTGATTTCTCCTTGGCTGGGAACA,TGTTCCCAGCCAAGGAGAAATCAGCGTTGGAGAGTCCAAATTCTTCCTGTGT,-50.77542629880326,68.30,52,48.07692307692308,44.0,52.0,25,25,52.23,55.52,"{'Mouse_NM_001081445.1': 0, 'Human_NM_181351.5': 3}","{'Mouse_NM_001081445.1': 0, 'Human_NM_181351.5': 3}",411,0.12,ACACAGGAAGAATTTGGACTCTCCA,GCTGATTTCTCCTTGGCTGGGAACA,0.0,0.0,0.0
Mouse_NM_001081445.1-10,960,1012,AGTGGCATTCACGATGCTCTGTCTGGCCTGGACAGTGGGTGGTACATTCACA,TGTGAATGTACCACCCACTGTCCAGGCCAGACAGAGCATCGTGAATGCCACT,-53.93247127703958,70.84,52,53.84615384615385,52.0,52.0,25,25,55.34,54.69,"{'Mouse_NM_001081445.1': 0, 'Human_NM_181351.5': 4}","{'Mouse_NM_001081445.1': 0, 'Human_NM_181351.5': 5}",960,0.17,AGTGGCATTCACGATGCTCTGTCTG,CTGGACAGTGGGTGGTACATTCACA,0.0,0.0,0.0
Mouse_NM_001081445.1-14,1095,1147,GTCATCACTGAAGATGTGCTTCTCGTCATCTTCCTCCTCGTTCTCTATGGGT,ACCCATAGAGAACGAGGAGGAAGATGACGAGAAGCACATCTTCAGTGATGAC,-48.84572292946583,66.38,52,48.07692307692308,48.0,48.0,25,25,51.76,52.78,"{'Mouse_NM_001081445.1': 0, 'Human_NM_181351.5': 6}","{'Mouse_NM_001081445.1': 0, 'Human_NM_181351.5': 5}",1095,0.25,GTCATCACTGAAGATGTGCTTCTCG,ATCTTCCTCCTCGTTCTCTATGGGT,0.33,0.33,0.66
Mouse_NM_001081445.1-33,1274,1326,GTCAGAGTGACTTGCTCCTCTAGTTCCATGGCCGTCTGATTCTCTACATAGG,CCTATGTAGAGAATCAGACGGCCATGGAACTAGAGGAGCAAGTCACTCTGAC,-48.757717125822424,66.30,52,50.0,48.0,48.0,25,25,51.90,51.95,"{'Mouse_NM_001081445.1': 0, 'Human_NM_181351.5': 3}","{'Mouse_NM_001081445.1': 0, 'Human_NM_181351.5': 3}",1274,0.12,GTCAGAGTGACTTGCTCCTCTAGTT,ATGGCCGTCTGATTCTCTACATAGG,0.0,0.33,0.33
Mouse_NM_001081445.1-35,1442,1494,ATGTATTCTCCAGCATCTGTGTACTGGATGCTCTTCAGGGTCAAGGAGGACA,TGTCCTCCTTGACCCTGAAGAGCATCCAGTACACAGATGCTGGAGAATACAT,-49.45715288271426,67.36,52,48.07692307692308,40.0,52.0,25,25,49.84,55.73,"{'Mouse_NM_001081445.1': 0, 'Human_NM_181351.5': 3}","{'Mouse_NM_001081445.1': 0, 'Human_NM_181351.5': 3}",1472,0.12,ATGTATTCTCCAGCATCTGTGTACT,ATGCTCTTCAGGGTCAAGGAGGACA,0.0,0.0,0.0
Mouse_NM_001081445.1-36,1606,1658,ACCAGGAGATTGTGGCACTTGGGTAGGCGAAGACCTCACAGGTGATGTTCAC,GTGAACATCACCTGTGAGGTCTTCGCCTACCCAAGTGCCACAATCTCCTGGT,-52.90248578614808,69.94,52,53.84615384615385,52.0,52.0,25,25,56.22,53.45,"{'Mouse_NM_001081445.1': 0, 'Human_NM_181351.5': 3}","{'Mouse_NM_001081445.1': 0, 'Human_NM_181351.5': 4}",1636,0.13,ACCAGGAGATTGTGGCACTTGGGTA,CGAAGACCTCACAGGTGATGTTCAC,0.33,0.33,0.66
Mouse_NM_001081445.1-39,1824,1876,GTATGGTTCCACCCGGTCAATGGATGGAGAAGACGGTGTGTCTGCTTGAACA,TGTTCAAGCAGACACACCGTCTTCTCCATCCATTGACCGGGTGGAACCATAC,-52.086727282198375,69.10,52,51.92307692307692,52.0,48.0,25,25,54.94,54.71,"{'Mouse_NM_001081445.1': 0, 'Human_NM_181351.5': 3}","{'Mouse_NM_001081445.1': 0, 'Human_NM_181351.5': 3}",1854,0.12,GTATGGTTCCACCCGGTCAATGGAT,AGAAGACGGTGTGTCTGCTTGAACA,0.33,0.0,0.33
Mouse_NM_001081445.1-42,1933,1985,TGAAATGCCAGGATTCTTCGCCCAGCGACTTCCACTCAGCCTTGTACTTGAG,CTCAAGTACAAGGCTGAGTGGAAGTCGCTGGGCGAAGAATCCTGGCATTTCA,-52.454371970252545,69.26,52,51.92307692307692,52.0,48.0,25,25,55.76,52.62,"{'Mouse_NM_001081445.1': 0, 'Human_NM_181351.5': 4}","{'Mouse_NM_001081445.1': 0, 'Human_NM_181351.5': 7}",1963,0.25,TGAAATGCCAGGATTCTTCGCCCAG,ACTTCCACTCAGCCTTGTACTTGAG,1.0,0.67,1.67
Mouse_NM_001081445.1-57,1993,2045,GTTTCAGGCCCATGATGGTGACAATGCCTTCCATGTTGGCTTCTTTGGCATC,GATGCCAAAGAAGCCAACATGGAAGGCATTGTCACCATCATGGGCCTGAAAC,-51.78533279565962,68.76,52,50.0,48.0,48.0,25,25,54.05,53.11,"{'Mouse_NM_001081445.1': 0, 'Human_NM_181351.5': 3}","{'Mouse_NM_001081445.1': 0, 'Human_NM_181351.5': 3}",2023,0.12,GTTTCAGGCCCATGATGGTGACAAT,CTTCCATGTTGGCTTCTTTGGCATC,0.33,0.33,0.66
Mouse_NM_001081445.1-64,2242,2294,GCCTGATTTCCGGTTTCCACTCAGAGGCGAGCGCTCTGTACTTGACCAGATA,TATCTGGTCAAGTACAGAGCGCTCGCCTCTGAGTGGAAACCGGAAATCAGGC,-52.983801278651704,69.61,52,53.84615384615385,52.0,52.0,25,25,55.18,54.11,"{'Mouse_NM_001081445.1': 0, 'Human_NM_181351.5': 3}","{'Mouse_NM_001081445.1': 0, 'Human_NM_181351.5': 3}",2275,0.12,GCCTGATTTCCGGTTTCCACTCAGA,CGAGCGCTCTGTACTTGACCAGATA,0.33,0.33,0.66
Mouse_NM_001081445.1-65,2662,2714,CATGGTTTGGAGTCCGTTCTTCCTCCGTTCGGACCTCCACAATGGGTTCTTT,AAAGAACCCATTGTGGAGGTCCGAACGGAGGAAGAACGGACTCCAAACCATG,-52.18770261671395,69.25,52,51.92307692307692,52.0,48.0,25,25,53.59,54.78,"{'Mouse_NM_001081445.1': 0, 'Human_NM_181351.5': 4}","{'Mouse_NM_001081445.1': 0, 'Human_NM_181351.5': 4}",2695,0.15,CATGGTTTGGAGTCCGTTCTTCCTC,TTCGGACCTCCACAATGGGTTCTTT,0.0,0.0,0.0
Mouse_NM_001081445.1-80,2996,3048,ACTAGAGGAATGTGTTTGTGTGTGCGTGTGTGTGTGTGTGTGTGTGTGTGTG,CACACACACACACACACACACACACACGCACACACAAACACATTCCTCTAGT,-51.21853447226769,67.91,52,48.07692307692308,44.0,52.0,25,25,51.74,54.95,"{'Mouse_NM_001081445.1': 0, 'Human_NM_181351.5': 3}","{'Mouse_NM_001081445.1': 0, 'Human_NM_181351.5': 5}",3029,0.17,ACTAGAGGAATGTGTTTGTGTGTGC,GTGTGTGTGTGTGTGTGTGTGTGTG,0.67,0.33,1.0
Mouse_NM_001081445.1-84,3459,3511,CGGAAAGTATAACTTATTTGTGAGGTTCGACAGAGTTCCAACTTGACTGAAA,TTTCAGTCAAGTTGGAACTCTGTCGAACCTCACAAATAAGTTATACTTTCCG,-44.4511638451518,62.58,52,38.46153846153846,36.0,44.0,25,25,45.89,51.39,"{'Mouse_NM_001081445.1': 0, 'Human_NM_181351.5': 3}","{'Mouse_NM_001081445.1': 0, 'Human_NM_181351.5': 3}",3496,0.12,CGGAAAGTATAACTTATTTGTGAGG,CGACAGAGTTCCAACTTGACTGAAA,0.67,0.0,0.67
Mouse_NM_001081445.1-98,3521,3573,TGGGAACTGAACTCAGCTAGCCAGAGTGCCACACTCCGCATATGGAACAAAC,GTTTGTTCCATATGCGGAGTGTGGCACTCTGGCTAGCTGAGTTCAGTTCCCA,-52.26134440294641,69.20,52,51.92307692307692,52.0,52.0,25,25,55.62,54.75,"{'Mouse_NM_001081445.1': 0, 'Human_NM_181351.5': 6}","{'Mouse_NM_001081445.1': 0, 'Human_NM_181351.5': 5}",3558,0.21,TGGGAACTGAACTCAGCTAGCCAGA,GCCACACTCCGCATATGGAACAAAC,0.33,0.33,0.66
Mouse_NM_001081445.1-100,3576,3628,AAAGAACTGGAATAAGCTGGCATTTGGCATGCTTCCTAAGAAACAGGAGTCC,GGACTCCTGTTTCTTAGGAAGCATGCCAAATGCCAGCTTATTCCAGTTCTTT,-48.33205212501637,66.08,52,44.23076923076923,36.0,48.0,25,25,49.94,51.43,"{'Mouse_NM_001081445.1': 0, 'Human_NM_181351.5': 6}","{'Mouse_NM_001081445.1': 0, 'Human_NM_181351.5': 9}",3613,0.38,AAAGAACTGGAATAAGCTGGCATTT,CATGCTTCCTAAGAAACAGGAGTCC,0.0,0.0,0.0
Mouse_NM_001081445.1-101,3660,3712,ACTTGTAAACACTGGAAAGCAAACTTGATAAACAGGGAAGAAAGGGAAAGAA,TTCTTTCCCTTTCTTCCCTGTTTATCAAGTTTGCTTTCCAGTGTTTACAAGT,-44.66119931186145,63.16,52,36.53846153846154,36.0,36.0,25,25,49.92,48.67,"{'Mouse_NM_001081445.1': 0, 'Human_NM_181351.5': 8}","{'Mouse_NM_001081445.1': 0, 'Human_NM_181351.5': 3}",3707,0.25,ACTTGTAAACACTGGAAAGCAAACT,ATAAACAGGGAAGAAAGGGAAAGAA,0.67,0.33,1.0
Mouse_NM_001081445.1-127,4327,4379,AGGAGACACTACTTCCCTGAAGCACACGCGCTCTTCCGTTCAAATCTAGATT,AATCTAGATTTGAACGGAAGAGCGCGTGTGCTTCAGGGAAGTAGTGTCTCCT,-50.39174904586113,67.60,52,48.07692307692308,52.0,44.0,25,25,54.00,51.63,"{'Mouse_NM_001081445.1': 0, 'Human_NM_181351.5': 3}","{'Mouse_NM_001081445.1': 0, 'Human_NM_181351.5': 3}",4377,0.12,AGGAGACACTACTTCCCTGAAGCAC,GCGCTCTTCCGTTCAAATCTAGATT,0.67,0.0,0.67
Mouse_NM_001081445.1-130,4385,4437,CAAATGTTGCCTAACTGAACAGAAGGCCGATGTCACTTTACTTCCATAGATT,AATCTATGGAAGTAAAGTGACATCGGCCTTCTGTTCAGTTAGGCAACATTTG,-45.89690783999299,63.87,52,40.38461538461539,40.0,36.0,25,25,48.96,46.95,"{'Mouse_NM_001081445.1': 0, 'Human_NM_181351.5': 3}","{'Mouse_NM_001081445.1': 0, 'Human_NM_181351.5': 3}",4435,0.12,CAAATGTTGCCTAACTGAACAGAAG,CGATGTCACTTTACTTCCATAGATT,0.0,0.0,0.0
Mouse_NM_001081445.1-134,4866,4918,GGCCACCCTAACCTCTTGTCACTTTGTACTTGGGAAAGGAACACGTGCTGTC,GACAGCACGTGTTCCTTTCCCAAGTACAAAGTGACAAGAGGTTAGGGTGGCC,-51.545166746973486,68.57,52,51.92307692307692,52.0,52.0,25,25,55.01,55.70,"{'Mouse_NM_001081445.1': 0, 'Human_NM_181351.5': 9}","{'Mouse_NM_001081445.1': 0, 'Human_NM_181351.5': 4}",4943,0.23,GGCCACCCTAACCTCTTGTCACTTT,ACTTGGGAAAGGAACACGTGCTGTC,0.33,0.0,0.33
Mouse_NM_001081445.1-136,4954,5006,AATTATAACCTAGCATCACCACTGGTCACACTGCAGAAGTGTCAGAACCCTG,CAGGGTTCTGACACTTCTGCAGTGTGACCAGTGGTGATGCTAGGTTATAATT,-48.42326605376052,66.17,52,46.15384615384615,40.0,52.0,25,25,48.84,55.04,"{'Mouse_NM_001081445.1': 0, 'Human_NM_181351.5': 3}","{'Mouse_NM_001081445.1': 0, 'Human_NM_181351.5': 3}",5033,0.12,AATTATAACCTAGCATCACCACTGG,ACACTGCAGAAGTGTCAGAACCCTG,0.33,0.33,0.66
Mouse_NM_001081445.1-139,5158,5210,CTAAGTGCCCTCAGAGTTGTCTACCCGATAGCTCTTCCTGAGGACCCGTGTA,TACACGGGTCCTCAGGAAGAGCTATCGGGTAGACAACTCTGAGGGCACTTAG,-51.289653285745054,68.63,52,53.84615384615385,52.0,52.0,25,25,52.44,54.76,"{'Mouse_NM_001081445.1': 0, 'Human_NM_181351.5': 8}","{'Mouse_NM_001081445.1': 0, 'Human_NM_181351.5': 8}",5237,0.4,CTAAGTGCCCTCAGAGTTGTCTACC,ATAGCTCTTCCTGAGGACCCGTGTA,0.67,0.67,1.34
Mouse_NM_001081445.1-179,5375,5427,CTCTGTCTCTTCTTATCATCAGAGTTGAGCTCAATGTATCCAACCACAAACA,TGTTTGTGGTTGGATACATTGAGCTCAACTCTGATGATAAGAAGAGACAGAG,-44.94028201377987,63.18,52,40.38461538461539,40.0,40.0,25,25,47.48,51.40,"{'Mouse_NM_001081445.1': 0, 'Human_NM_181351.5': 8}","{'Mouse_NM_001081445.1': 0, 'Human_NM_181351.5': 7}",5460,0.35,CTCTGTCTCTTCTTATCATCAGAGT,AGCTCAATGTATCCAACCACAAACA,1.0,1.0,2.0
Mouse_NM_001081445.1-201,5456,5508,GGTCTTGGCTTCCAGCAAATGTGTGGCCAGTGTTCTGAGCGTCAGCTACTCT,AGAGTAGCTGACGCTCAGAACACTGGCCACACATTTGCTGGAAGCCAAGACC,-53.671387930271884,70.28,52,53.84615384615385,52.0,52.0,25,25,54.98,54.27,"{'Mouse_NM_001081445.1': 0, 'Human_NM_181351.5': 7}","{'Mouse_NM_001081445.1': 0, 'Human_NM_181351.5': 9}",5543,0.35,GGTCTTGGCTTCCAGCAAATGTGTG,CAGTGTTCTGAGCGTCAGCTACTCT,0.33,0.67,1.0
Mouse_NM_001081445.1-219,5511,5563,CATGCATGGCGAGACAAACATATGTATAAAGAGAGAGGCATATCAAAGTGTG,CACACTTTGATATGCCTCTCTCTTTATACATATGTTTGTCTCGCCATGCATG,-45.17459605537264,62.99,52,40.38461538461539,44.0,40.0,25,25,52.42,49.18,"{'Mouse_NM_001081445.1': 0, 'Human_NM_181351.5': 8}","{'Mouse_NM_001081445.1': 0, 'Human_NM_181351.5': 4}",5602,0.23,CATGCATGGCGAGACAAACATATGT,AAAGAGAGAGGCATATCAAAGTGTG,0.33,0.33,0.66
Mouse_NM_001081445.1-225,5768,5820,ATGTGATACAATGTATGCCACATAGACATAAGACACACCGACACTGACACTG,CAGTGTCAGTGTCGGTGTGTCTTATGTCTATGTGGCATACATTGTATCACAT,-46.410159492419226,64.19,52,42.30769230769231,36.0,48.0,25,25,47.33,52.74,"{'Mouse_NM_001081445.1': 0, 'Human_NM_181351.5': 6}","{'Mouse_NM_001081445.1': 0, 'Human_NM_181351.5': 5}",5888,0.27,ATGTGATACAATGTATGCCACATAG,ATAAGACACACCGACACTGACACTG,0.67,0.33,1.0
Human_NM_181351.5-1,808,860,CATTCACAATATTCTGCCTGGCCTGGATGGTAGGTGGCACATTCACAATGAC,GTCATTGTGAATGTGCCACCTACCATCCAGGCCAGGCAGAATATTGTGAATG,-49.82270987126819,67.15,52,48.07692307692308,48.0,48.0,25,25,52.51,53.65,"{'Mouse_NM_001081445.1': 4, 'Human_NM_181351.5': 0}","{'Mouse_NM_001081445.1': 4, 'Human_NM_181351.5': 0}",955,0.15,CATTCACAATATTCTGCCTGGCCTG,TGGTAGGTGGCACATTCACAATGAC,0.67,0.0,0.67
Human_NM_181351.5-11,948,1000,ACTATCGTCGCTGAAGATGTACTTCTCATCGTCTTCCTCTTGCTCTATCTGT,ACAGATAGAGCAAGAGGAAGACGATGAGAAGTACATCTTCAGCGACGATAGT,-47.167341501124696,64.89,52,44.23076923076923,44.0,44.0,25,25,50.40,51.34,"{'Mouse_NM_001081445.1': 6, 'Human_NM_181351.5': 0}","{'Mouse_NM_001081445.1': 5, 'Human_NM_181351.5': 0}",1095,0.25,ACTATCGTCGCTGAAGATGTACTTC,ATCGTCTTCCTCTTGCTCTATCTGT,0.33,0.33,0.66
Human_NM_181351.5-24,1017,1069,CTTGTTCTCAGCAATGCAGATGTACTCAGCCTCGTCGTTCTTATCCACCTTT,AAAGGTGGATAAGAACGACGAGGCTGAGTACATCTGCATTGCTGAGAACAAG,-48.98519576519048,66.28,52,46.15384615384615,44.0,48.0,25,25,50.54,54.24,"{'Mouse_NM_001081445.1': 4, 'Human_NM_181351.5': 0}","{'Mouse_NM_001081445.1': 4, 'Human_NM_181351.5': 0}",1167,0.15,CTTGTTCTCAGCAATGCAGATGTAC,AGCCTCGTCGTTCTTATCCACCTTT,0.33,0.33,0.66
Human_NM_181351.5-30,1124,1176,GTAAGAGTGACCTGCTCCTCTAATTCCATGGCAGTCTGGTTCTCTACATATG,CATATGTAGAGAACCAGACTGCCATGGAATTAGAGGAGCAGGTCACTCTTAC,-46.72926315193882,64.70,52,46.15384615384615,44.0,44.0,25,25,50.01,50.36,"{'Mouse_NM_001081445.1': 3, 'Human_NM_181351.5': 0}","{'Mouse_NM_001081445.1': 3, 'Human_NM_181351.5': 0}",1274,0.12,GTAAGAGTGACCTGCTCCTCTAATT,ATGGCAGTCTGGTTCTCTACATATG,0.0,0.33,0.33
Human_NM_181351.5-32,1486,1538,ACCATGAGATCGTGGCACTGGGATAGGCAAATACCTCGCAGGTGATGTTCAC,GTGAACATCACCTGCGAGGTATTTGCCTATCCCAGTGCCACGATCTCATGGT,-52.159530764384414,69.08,52,51.92307692307692,52.0,48.0,25,25,55.78,52.28,"{'Mouse_NM_001081445.1': 3, 'Human_NM_181351.5': 0}","{'Mouse_NM_001081445.1': 4, 'Human_NM_181351.5': 0}",1636,0.13,ACCATGAGATCGTGGCACTGGGATA,CAAATACCTCGCAGGTGATGTTCAC,0.33,0.33,0.66
Human_NM_181351.5-46,1813,1865,TGGAATGCCATACTTCTTCACCAACTGCTCTCCACTCAGCTTTGTATTTGAG,CTCAAATACAAAGCTGAGTGGAGAGCAGTTGGTGAAGAAGTATGGCATTCCA,-47.85869246033799,65.61,52,44.23076923076923,44.0,44.0,25,25,51.68,49.59,"{'Mouse_NM_001081445.1': 4, 'Human_NM_181351.5': 0}","{'Mouse_NM_001081445.1': 7, 'Human_NM_181351.5': 0}",1963,0.25,TGGAATGCCATACTTCTTCACCAAC,CTCTCCACTCAGCTTTGTATTTGAG,1.0,0.67,1.67
Human_NM_181351.5-59,2204,2256,TTCTCAGCCACCACGTAGACCTCATACTCAGCATTCCAGTCCAGGGACTTCA,TGAAGTCCCTGGACTGGAATGCTGAGTATGAGGTCTACGTGGTGGCTGAGAA,-51.58560685659787,69.05,52,51.92307692307692,52.0,52.0,25,25,55.58,55.93,"{'Mouse_NM_001081445.1': 3, 'Human_NM_181351.5': 0}","{'Mouse_NM_001081445.1': 4, 'Human_NM_181351.5': 0}",2354,0.13,TTCTCAGCCACCACGTAGACCTCAT,TCAGCATTCCAGTCCAGGGACTTCA,0.33,0.0,0.33
Human_NM_181351.5-60,2726,2778,TTCACCCATCATGCTTTGCTCTCGTTCTCCTTTGTCTGTGTGGCGTCATTGG,CCAATGACGCCACACAGACAAAGGAGAACGAGAGCAAAGCATGATGGGTGAA,-51.97501520739587,68.75,52,50.0,48.0,52.0,25,25,55.21,55.75,"{'Mouse_NM_001081445.1': 4, 'Human_NM_181351.5': 0}","{'Mouse_NM_001081445.1': 4, 'Human_NM_181351.5': 0}",2876,0.15,TTCACCCATCATGCTTTGCTCTCGT,TCCTTTGTCTGTGTGGCGTCATTGG,0.33,0.33,0.66
Human_NM_181351.5-74,2821,2873,TTTGTGTGTGTGCGTGCGTGTGTGTGTCTGTGGTGTTGGAAATGCTCTGGTG,CACCAGAGCATTTCCAACACCACAGACACACACACGCACGCACACACACAAA,-54.10556494139555,70.16,52,51.92307692307692,52.0,52.0,25,25,58.43,54.49,"{'Mouse_NM_001081445.1': 8, 'Human_NM_181351.5': 0}","{'Mouse_NM_001081445.1': 3, 'Human_NM_181351.5': 0}",2971,0.54,TTTGTGTGTGTGCGTGCGTGTGTGT,CTGTGGTGTTGGAAATGCTCTGGTG,1.0,1.0,2.0
Human_NM_181351.5-93,3094,3146,AGTGTGGTCTTCCTGAACCTAGATTTCGTTTCTGAGCTTCCTAGATTCTTAA,TTAAGAATCTAGGAAGCTCAGAAACGAAATCTAGGTTCAGGAAGACCACACT,-45.15659670022191,63.57,52,40.38461538461539,44.0,36.0,25,25,51.55,46.63,"{'Mouse_NM_001081445.1': 3, 'Human_NM_181351.5': 0}","{'Mouse_NM_001081445.1': 8, 'Human_NM_181351.5': 0}",3273,0.58,AGTGTGGTCTTCCTGAACCTAGATT,GTTTCTGAGCTTCCTAGATTCTTAA,1.0,1.0,2.0
Human_NM_181351.5-143,3172,3224,TGGACTTTGTTCATTCGATTAGTCTTAGTGCCTGAAAGTATTTCTCTGAAAC,GTTTCAGAGAAATACTTTCAGGCACTAAGACTAATCGAATGAACAAAGTCCA,-43.33372873310922,61.70,52,36.53846153846154,36.0,40.0,25,25,48.61,48.51,"{'Mouse_NM_001081445.1': 8, 'Human_NM_181351.5': 0}","{'Mouse_NM_001081445.1': 5, 'Human_NM_181351.5': 0}",3426,0.23,TGGACTTTGTTCATTCGATTAGTCT,GTGCCTGAAAGTATTTCTCTGAAAC,0.67,0.33,1.0
Human_NM_181351.5-156,3305,3357,ACGTGGGAATTGAATTCAGCTAGAAAGGGTGACACACTTTGCATACTGAACA,TGTTCAGTATGCAAAGTGTGTCACCCTTTCTAGCTGAATTCAATTCCCACGT,-47.91629362106667,65.67,52,42.30769230769231,40.0,44.0,25,25,50.95,51.94,"{'Mouse_NM_001081445.1': 6, 'Human_NM_181351.5': 0}","{'Mouse_NM_001081445.1': 5, 'Human_NM_181351.5': 0}",3561,0.21,ACGTGGGAATTGAATTCAGCTAGAA,GGTGACACACTTTGCATACTGAACA,0.33,0.67,1.0
Human_NM_181351.5-169,3486,3538,CGGACATTTAAACACAACCAAAGTCAAACATTTGTCACCTTGTAAACACTGG,CCAGTGTTTACAAGGTGACAAATGTTTGACTTTGGTTGTGTTTAAATGTCCG,-45.38463958269813,63.19,52,38.46153846153846,40.0,40.0,25,25,49.37,50.20,"{'Mouse_NM_001081445.1': 5, 'Human_NM_181351.5': 0}","{'Mouse_NM_001081445.1': 3, 'Human_NM_181351.5': 0}",3744,0.13,CGGACATTTAAACACAACCAAAGTC,ACATTTGTCACCTTGTAAACACTGG,0.67,0.0,0.67
Human_NM_181351.5-190,3582,3634,TGTAAAGTTGTCCTGTGCTAAAGCAAGCGTGGGATGATCCTACCTACCTCTA,TAGAGGTAGGTAGGATCATCCCACGCTTGCTTTAGCACAGGACAACTTTACA,-48.610014401334276,66.44,52,46.15384615384615,40.0,52.0,25,25,51.26,52.56,"{'Mouse_NM_001081445.1': 5, 'Human_NM_181351.5': 0}","{'Mouse_NM_001081445.1': 7, 'Human_NM_181351.5': 0}",3861,0.29,TGTAAAGTTGTCCTGTGCTAAAGCA,CGTGGGATGATCCTACCTACCTCTA,0.33,1.0,1.33
Human_NM_181351.5-191,4058,4110,ATAAATGCTGCCTAAGTGAACAGAAGGCCGATGTTACTTTACTTCAACAGAT,ATCTGTTGAAGTAAAGTAACATCGGCCTTCTGTTCACTTAGGCAGCATTTAT,-45.450462571574484,63.60,52,38.46153846153846,36.0,36.0,25,25,49.18,47.34,"{'Mouse_NM_001081445.1': 3, 'Human_NM_181351.5': 0}","{'Mouse_NM_001081445.1': 3, 'Human_NM_181351.5': 0}",4436,0.12,ATAAATGCTGCCTAAGTGAACAGAA,CCGATGTTACTTTACTTCAACAGAT,0.0,0.0,0.0
Human_NM_181351.5-203,4125,4177,GTTTCCAATCCAGGAAAGTTGTGTTATGACTCCAGACAGTAGGTTGTTTCTT,AAGAAACAACCTACTGTCTGGAGTCATAACACAACTTTCCTGGATTGGAAAC,-45.485050674105516,63.74,52,40.38461538461539,40.0,44.0,25,25,50.49,50.56,"{'Mouse_NM_001081445.1': 7, 'Human_NM_181351.5': 0}","{'Mouse_NM_001081445.1': 3, 'Human_NM_181351.5': 0}",4503,0.33,GTTTCCAATCCAGGAAAGTTGTGTT,GACTCCAGACAGTAGGTTGTTTCTT,0.33,0.33,0.66
Human_NM_181351.5-213,4503,4555,TTGTACCTTAGGAGAGGAGCGCATGCGGAGTACTGATTTCTGTTTACTTAGC,GCTAAGTAAACAGAAATCAGTACTCCGCATGCGCTCCTCTCCTAAGGTACAA,-48.3253618138766,65.79,52,46.15384615384615,52.0,36.0,25,25,54.29,45.58,"{'Mouse_NM_001081445.1': 9, 'Human_NM_181351.5': 0}","{'Mouse_NM_001081445.1': 7, 'Human_NM_181351.5': 0}",4921,0.33,TTGTACCTTAGGAGAGGAGCGCATG,GAGTACTGATTTCTGTTTACTTAGC,0.67,0.33,1.0
Human_NM_181351.5-225,4614,4666,ATTATAATCTAGCATCGCCACTGATCAGACTGCAGAAGTGTCAGAACGTTGG,CCAACGTTCTGACACTTCTGCAGTCTGATCAGTGGCGATGCTAGATTATAAT,-47.665390832093586,65.15,52,44.23076923076923,36.0,52.0,25,25,48.23,54.03,"{'Mouse_NM_001081445.1': 3, 'Human_NM_181351.5': 0}","{'Mouse_NM_001081445.1': 3, 'Human_NM_181351.5': 0}",5032,0.12,ATTATAATCTAGCATCGCCACTGAT,GACTGCAGAAGTGTCAGAACGTTGG,0.33,0.33,0.66
Human_NM_181351.5-247,4808,4860,CTCTAAGATCTCTCTTCATGTTCCTCTATTCTGAGGGCCTGTGCATTTGAAC,GTTCAAATGCACAGGCCCTCAGAATAGAGGAACATGAAGAGAGATCTTAGAG,-46.10388027268686,64.14,52,44.23076923076923,40.0,48.0,25,25,47.52,54.21,"{'Mouse_NM_001081445.1': 7, 'Human_NM_181351.5': 0}","{'Mouse_NM_001081445.1': 8, 'Human_NM_181351.5': 0}",5230,0.4,CTCTAAGATCTCTCTTCATGTTCCT,ATTCTGAGGGCCTGTGCATTTGAAC,0.67,1.0,1.67
Human_NM_181351.5-285,4938,4990,GTGGCAAAGCCATCGACATTACAAGATGAAGAACTGAGTCCACTGAACAGCC,GGCTGTTCAGTGGACTCAGTTCTTCATCTTGTAATGTCGATGGCTTTGCCAC,-49.82843290850822,66.91,52,48.07692307692308,48.0,52.0,25,25,52.99,53.49,"{'Mouse_NM_001081445.1': 8, 'Human_NM_181351.5': 0}","{'Mouse_NM_001081445.1': 7, 'Human_NM_181351.5': 0}",5362,0.38,GTGGCAAAGCCATCGACATTACAAG,GAAGAACTGAGTCCACTGAACAGCC,0.67,0.67,1.34
Human_NM_181351.5-301,5004,5056,ACCAGTTTGACCTAACCACAACCACTTTGACAGTCTTGACAAGGTATGGCAT,ATGCCATACCTTGTCAAGACTGTCAAAGTGGTTGTGGTTAGGTCAAACTGGT,-48.64181353078778,66.53,52,44.23076923076923,48.0,44.0,25,25,53.54,52.51,"{'Mouse_NM_001081445.1': 6, 'Human_NM_181351.5': 0}","{'Mouse_NM_001081445.1': 9, 'Human_NM_181351.5': 0}",5428,0.46,ACCAGTTTGACCTAACCACAACCAC,TGACAGTCTTGACAAGGTATGGCAT,0.67,1.0,1.67
Human_NM_181351.5-304,5172,5224,AACTCTTGCATGCTGAGACAAACCTATGTGTAATGGGAGAGAACAGACCAAA,TTTGGTCTGTTCTCTCCCATTACACATAGGTTTGTCTCAGCATGCAAGAGTT,-47.307225428256736,65.34,52,42.30769230769231,44.0,44.0,25,25,53.38,50.88,"{'Mouse_NM_001081445.1': 8, 'Human_NM_181351.5': 0}","{'Mouse_NM_001081445.1': 5, 'Human_NM_181351.5': 0}",5607,0.23,AACTCTTGCATGCTGAGACAAACCT,GTGTAATGGGAGAGAACAGACCAAA,0.33,0.33,0.66
Human_NM_181351.5-306,5357,5409,TACACACATAGACACATAGACATTGGAAACTGGAGTTGATCCCTCCTTCAAA,TTTGAAGGAGGGATCAACTCCAGTTTCCAATGTCTATGTGTCTATGTGTGTA,-45.43316449000106,63.88,52,40.38461538461539,36.0,44.0,25,25,46.65,52.30,"{'Mouse_NM_001081445.1': 6, 'Human_NM_181351.5': 0}","{'Mouse_NM_001081445.1': 7, 'Human_NM_181351.5': 0}",5864,0.27,TACACACATAGACACATAGACATTG,AACTGGAGTTGATCCCTCCTTCAAA,0.67,0.67,1.34
Human_NM_181351.5-340,5421,5473,TTGAGTGCTCCTCCAGCAGAACTTGGCCATGCCGGTCTTCATGTGAATACAT,ATGTATTCACATGAAGACCGGCATGGCCAAGTTCTGCTGGAGGAGCACTCAA,-52.13846837521789,69.29,52,50.0,52.0,44.0,25,25,55.10,51.76,"{'Mouse_NM_001081445.1': 4, 'Human_NM_181351.5': 0}","{'Mouse_NM_001081445.1': 9, 'Human_NM_181351.5': 0}",5931,0.25,TTGAGTGCTCCTCCAGCAGAACTTG,CATGCCGGTCTTCATGTGAATACAT,0.0,0.0,0.0
Human_NM_181351.5-344,5495,5547,AATAGAGTTCCACCTCCAAAGCTGCACTATATACACCACAGCCCTGCAGGGT,ACCCTGCAGGGCTGTGGTGTATATAGTGCAGCTTTGGAGGTGGAACTCTATT,-51.10094620852436,68.75,52,50.0,48.0,52.0,25,25,53.25,55.65,"{'Mouse_NM_001081445.1': 8, 'Human_NM_181351.5': 0}","{'Mouse_NM_001081445.1': 8, 'Human_NM_181351.5': 0}",6005,0.54,AATAGAGTTCCACCTCCAAAGCTGC,TATATACACCACAGCCCTGCAGGGT,0.67,1.0,1.67
