,name,start,stop,probe,reference,dG,Tm,length,GC,GC_HCR3-P1,GC_HCR3-P2,length_HCR3-P1,length_HCR3-P2,Tm_HCR3-P1,Tm_HCR3-P2,isoforms_P1,isoforms_P2,MSA_position,SNV_score,HCR3-P1,HCR3-P2,HCR3-P1_junction_SNV,HCR3-P2-_junction_SNV,HCR3_SNV,HCR3-P1-B2,HCR3-P2-B2,BLAST_1,BLAST_2
0,NM_009957.2-5,102,154,AATTGTTGGCTCTTCCAGTTGTATCCTCTCAGGTTTACCATTTCAAATTGCT,AGCAATTTGAAATGGTAAACCTGAGAGGATACAACTGGAAGAGCCAACAATT,-45.748785963481645,64.06,52,38.46153846153846,40.0,36.0,25,25,49.89,48.58,"{'NM_009957.2': 0, 'NM_201243.1': 8}","{'NM_009957.2': 0, 'NM_201243.1': 9}",102,0.75,AATTGTTGGCTCTTCCAGTTGTATC,CTCAGGTTTACCATTTCAAATTGCT,1.0,1.0,2.0,AATTGTTGGCTCTTCCAGTTGTATCAAATCATCCAGTAAACCGCC,CCTCGTAAATCCTCATCAAACTCAGGTTTACCATTTCAAATTGCT,"[{'Mus musculus protocadherin alpha 7 (Pcdha7), mRNA': 25}, {'Mus musculus predicted gene, 38667 (Gm38667), mRNA': 25}, {'Mus musculus essential meiotic structure-specific endonuclease 1 (Eme1), transcript variant 1, mRNA': 16}, {'Mus musculus essential meiotic structure-specific endonuclease 1 (Eme1), transcript variant 2, mRNA': 16}, {'PREDICTED: Mus musculus essential meiotic structure-specific endonuclease 1 (Eme1), transcript variant X1, mRNA': 16}, {'PREDICTED: Mus musculus essential meiotic structure-specific endonuclease 1 (Eme1), transcript variant X2, mRNA': 16}, {'PREDICTED: Mus musculus predicted gene, 52789 (Gm52789), ncRNA': 15}, {'PREDICTED: Mus musculus vacuolar protein sorting 13D (Vps13d), transcript variant X8, misc_RNA': 15}, {'PREDICTED: Mus musculus vacuolar protein sorting 13D (Vps13d), transcript variant X7, misc_RNA': 15}, {'PREDICTED: Mus musculus vacuolar protein sorting 13D (Vps13d), transcript variant X6, misc_RNA': 15}, {'PREDICTED: Mus musculus vacuolar protein sorting 13D (Vps13d), transcript variant X4, misc_RNA': 15}, {'PREDICTED: Mus musculus vacuolar protein sorting 13D (Vps13d), transcript variant X1, mRNA': 15}, {'Mus musculus vacuolar protein sorting 13D (Vps13d), transcript variant 1, mRNA': 15}, {'Mus musculus vacuolar protein sorting 13D (Vps13d), transcript variant 2, mRNA': 15}, {'PREDICTED: Mus musculus vacuolar protein sorting 13D (Vps13d), transcript variant X12, mRNA': 15}, {'PREDICTED: Mus musculus vacuolar protein sorting 13D (Vps13d), transcript variant X11, misc_RNA': 15}, {'PREDICTED: Mus musculus vacuolar protein sorting 13D (Vps13d), transcript variant X10, misc_RNA': 15}, {'PREDICTED: Mus musculus vacuolar protein sorting 13D (Vps13d), transcript variant X9, mRNA': 15}, {'PREDICTED: Mus musculus vacuolar protein sorting 13D (Vps13d), transcript variant X5, misc_RNA': 15}, {'PREDICTED: Mus musculus vacuolar protein sorting 13D (Vps13d), transcript variant X3, mRNA': 15}]","[{'Mus musculus protocadherin alpha 7 (Pcdha7), mRNA': 25}, {'Mus musculus predicted gene, 38667 (Gm38667), mRNA': 25}, {'PREDICTED: Mus musculus DLG associated protein 1 (Dlgap1), transcript variant X24, mRNA': 15}, {'PREDICTED: Mus musculus DLG associated protein 1 (Dlgap1), transcript variant X10, mRNA': 15}, {'PREDICTED: Mus musculus DLG associated protein 1 (Dlgap1), transcript variant X8, mRNA': 15}, {'PREDICTED: Mus musculus DLG associated protein 1 (Dlgap1), transcript variant X7, mRNA': 15}, {'PREDICTED: Mus musculus DLG associated protein 1 (Dlgap1), transcript variant X6, mRNA': 15}, {'PREDICTED: Mus musculus DLG associated protein 1 (Dlgap1), transcript variant X5, mRNA': 15}, {'PREDICTED: Mus musculus DLG associated protein 1 (Dlgap1), transcript variant X4, mRNA': 15}, {'PREDICTED: Mus musculus DLG associated protein 1 (Dlgap1), transcript variant X3, mRNA': 15}, {'PREDICTED: Mus musculus DLG associated protein 1 (Dlgap1), transcript variant X2, mRNA': 15}, {'PREDICTED: Mus musculus DLG associated protein 1 (Dlgap1), transcript variant X1, mRNA': 15}, {'Mus musculus DLG associated protein 1 (Dlgap1), transcript variant 9, mRNA': 15}, {'Mus musculus DLG associated protein 1 (Dlgap1), transcript variant 6, mRNA': 15}, {'Mus musculus DLG associated protein 1 (Dlgap1), transcript variant 5, mRNA': 15}, {'Mus musculus DLG associated protein 1 (Dlgap1), transcript variant 7, mRNA': 15}, {'Mus musculus DLG associated protein 1 (Dlgap1), transcript variant 8, mRNA': 15}, {'PREDICTED: Mus musculus DLG associated protein 1 (Dlgap1), transcript variant X18, mRNA': 15}, {'PREDICTED: Mus musculus DLG associated protein 1 (Dlgap1), transcript variant X23, mRNA': 15}, {'PREDICTED: Mus musculus DLG associated protein 1 (Dlgap1), transcript variant X20, mRNA': 15}]"
1,NM_009957.2-40,1075,1127,CACAAGAATGGTACAGTGTCCAGGCAGTTGTGGGAACCCTTTATCACGTGCC,GGCACGTGATAAAGGGTTCCCACAACTGCCTGGACACTGTACCATTCTTGTG,-51.79216819788435,68.73,52,51.92307692307692,52.0,52.0,25,25,53.81,55.66,"{'NM_009957.2': 0, 'NM_201243.1': 4}","{'NM_009957.2': 0, 'NM_201243.1': 7}",1075,0.21,CACAAGAATGGTACAGTGTCCAGGC,TTGTGGGAACCCTTTATCACGTGCC,0.33,0.67,1.0,CACAAGAATGGTACAGTGTCCAGGCAAATCATCCAGTAAACCGCC,CCTCGTAAATCCTCATCAAATTGTGGGAACCCTTTATCACGTGCC,"[{'Mus musculus protocadherin alpha 7 (Pcdha7), mRNA': 25}, {'Mus musculus predicted gene, 38667 (Gm38667), mRNA': 25}, {'PREDICTED: Mus musculus predicted gene, 46899 (Gm46899), ncRNA': 15}, {'PREDICTED: Mus musculus predicted gene, 32643 (Gm32643), transcript variant X15, ncRNA': 15}, {'PREDICTED: Mus musculus predicted gene, 32643 (Gm32643), transcript variant X14, ncRNA': 15}, {'PREDICTED: Mus musculus predicted gene, 32643 (Gm32643), transcript variant X13, ncRNA': 15}, {'PREDICTED: Mus musculus predicted gene, 32643 (Gm32643), transcript variant X12, ncRNA': 15}, {'PREDICTED: Mus musculus predicted gene, 32643 (Gm32643), transcript variant X11, ncRNA': 15}, {'PREDICTED: Mus musculus predicted gene, 32643 (Gm32643), transcript variant X10, ncRNA': 15}, {'PREDICTED: Mus musculus predicted gene, 32643 (Gm32643), transcript variant X9, ncRNA': 15}, {'PREDICTED: Mus musculus predicted gene, 32643 (Gm32643), transcript variant X8, ncRNA': 15}, {'PREDICTED: Mus musculus predicted gene, 32643 (Gm32643), transcript variant X7, ncRNA': 15}, {'PREDICTED: Mus musculus predicted gene, 32643 (Gm32643), transcript variant X6, ncRNA': 15}, {'PREDICTED: Mus musculus predicted gene, 32643 (Gm32643), transcript variant X5, ncRNA': 15}, {'PREDICTED: Mus musculus predicted gene, 32643 (Gm32643), transcript variant X4, ncRNA': 15}, {'PREDICTED: Mus musculus predicted gene, 32643 (Gm32643), transcript variant X3, ncRNA': 15}, {'PREDICTED: Mus musculus predicted gene, 32643 (Gm32643), transcript variant X2, ncRNA': 15}, {'PREDICTED: Mus musculus predicted gene, 32643 (Gm32643), transcript variant X1, ncRNA': 15}, {'PREDICTED: Mus musculus predicted gene, 31284 (Gm31284), transcript variant X1, ncRNA': 14}, {'PREDICTED: Mus musculus predicted gene, 31284 (Gm31284), transcript variant X3, ncRNA': 14}]","[{'Mus musculus protocadherin alpha 7 (Pcdha7), mRNA': 25}, {'Mus musculus predicted gene, 38667 (Gm38667), mRNA': 25}, {'Mus musculus predicted gene 2396 (Gm2396), non-coding RNA': 15}, {'PREDICTED: Mus musculus predicted gene 2396 (Gm2396), transcript variant X13, misc_RNA': 15}, {'PREDICTED: Mus musculus predicted gene 2396 (Gm2396), transcript variant X9, misc_RNA': 15}, {'PREDICTED: Mus musculus predicted gene 2396 (Gm2396), transcript variant X8, misc_RNA': 15}, {'PREDICTED: Mus musculus predicted gene 10634 (Gm10634), transcript variant X38, mRNA': 15}, {'PREDICTED: Mus musculus predicted gene 10634 (Gm10634), transcript variant X27, mRNA': 15}, {'PREDICTED: Mus musculus predicted gene 10634 (Gm10634), transcript variant X26, mRNA': 15}, {'PREDICTED: Mus musculus predicted gene 13846 (Gm13846), transcript variant X5, ncRNA': 15}, {'PREDICTED: Mus musculus predicted gene 13373 (Gm13373), transcript variant X5, ncRNA': 15}, {'PREDICTED: Mus musculus predicted gene 29417 (Gm29417), ncRNA': 14}, {'Mus musculus spermine binding protein (Sbp), transcript variant 2, mRNA': 14}, {'Mus musculus spermine binding protein (Sbp), transcript variant 3, mRNA': 14}, {'Mus musculus spermine binding protein (Sbp), transcript variant 4, mRNA': 14}, {'Mus musculus spermine binding protein (Sbp), transcript variant 1, mRNA': 14}, {'Mus musculus spermine binding protein (Sbp), transcript variant 5, mRNA': 14}, {'Mus musculus spermine binding protein-like (Sbpl), mRNA': 14}, {'PREDICTED: Mus musculus nudix (nucleoside diphosphate linked moiety X)-type motif 16 (Nudt16), transcript variant X1, mRNA': 14}, {'PREDICTED: Mus musculus predicted gene, 34459 (Gm34459), ncRNA': 14}]"
2,NM_009957.2-85,1148,1200,TGTCCTCGGATACTGGGAGAGACAAGGAACTAACCGTCAACTGTGGAGCGTT,AACGCTCCACAGTTGACGGTTAGTTCCTTGTCTCTCCCAGTATCCGAGGACA,-51.87389478179535,69.05,52,51.92307692307692,52.0,48.0,25,25,54.69,54.95,"{'NM_009957.2': 0, 'NM_201243.1': 9}","{'NM_009957.2': 0, 'NM_201243.1': 9}",1148,0.42,TGTCCTCGGATACTGGGAGAGACAA,AACTAACCGTCAACTGTGGAGCGTT,1.0,0.67,1.67,TGTCCTCGGATACTGGGAGAGACAAAAATCATCCAGTAAACCGCC,CCTCGTAAATCCTCATCAAAAACTAACCGTCAACTGTGGAGCGTT,"[{'Mus musculus protocadherin alpha 7 (Pcdha7), mRNA': 25}, {'Mus musculus predicted gene, 38667 (Gm38667), mRNA': 25}, {'PREDICTED: Mus musculus predicted gene, 50599 (Gm50599), ncRNA': 15}, {'PREDICTED: Mus musculus vomeronasal 1 receptor 44 (Vmn1r44), transcript variant X1, mRNA': 14}, {'Mus musculus kelch domain containing 7B (Klhdc7b), mRNA': 14}, {'Mus musculus nucleoporin 88 (Nup88), transcript variant 4, non-coding RNA': 14}, {'Mus musculus nucleoporin 88 (Nup88), transcript variant 2, mRNA': 14}, {'Mus musculus nucleoporin 88 (Nup88), transcript variant 3, mRNA': 14}, {'Mus musculus nucleoporin 88 (Nup88), transcript variant 1, mRNA': 14}, {'Mus musculus sortilin 1 (Sort1), transcript variant 1, mRNA': 14}, {'Mus musculus sortilin 1 (Sort1), transcript variant 2, mRNA': 14}, {'PREDICTED: Mus musculus sortilin 1 (Sort1), transcript variant X4, mRNA': 14}, {'PREDICTED: Mus musculus sortilin 1 (Sort1), transcript variant X3, mRNA': 14}, {'PREDICTED: Mus musculus sortilin 1 (Sort1), transcript variant X2, mRNA': 14}, {'PREDICTED: Mus musculus sortilin 1 (Sort1), transcript variant X1, mRNA': 14}, {'PREDICTED: Mus musculus predicted gene, 41408 (Gm41408), mRNA': 14}, {'Mus musculus autophagy related 4A, cysteine peptidase (Atg4a), transcript variant 3, mRNA': 14}, {'Mus musculus autophagy related 4A, cysteine peptidase (Atg4a), transcript variant 2, mRNA': 14}, {'Mus musculus autophagy related 4A, cysteine peptidase (Atg4a), transcript variant 1, mRNA': 14}, {'Mus musculus autophagy related 4A, cysteine peptidase (Atg4a), transcript variant 5, mRNA': 14}]","[{'Mus musculus protocadherin alpha 7 (Pcdha7), mRNA': 25}, {'Mus musculus predicted gene, 38667 (Gm38667), mRNA': 25}, {'Mus musculus zinc finger, MYM domain containing 1 (Zmym1), transcript variant 1, mRNA': 16}, {'Mus musculus zinc finger, MYM domain containing 1 (Zmym1), transcript variant 2, mRNA': 16}, {'PREDICTED: Mus musculus zinc finger, MYM domain containing 1 (Zmym1), transcript variant X1, mRNA': 16}, {'PREDICTED: Mus musculus GATA binding protein 5 (Gata5), transcript variant X1, mRNA': 15}, {'Mus musculus GATA binding protein 5 (Gata5), mRNA': 15}, {'Mus musculus zinc finger, MYM-type 4 (Zmym4), transcript variant 1, mRNA': 14}, {'Mus musculus zinc finger, MYM-type 4 (Zmym4), transcript variant 2, mRNA': 14}, {'Mus musculus zinc finger, MYM-type 4 (Zmym4), transcript variant 3, mRNA': 14}, {'PREDICTED: Mus musculus zinc finger, MYM-type 4 (Zmym4), transcript variant X2, mRNA': 14}, {'PREDICTED: Mus musculus predicted gene, 51487 (Gm51487), transcript variant X1, ncRNA': 14}, {'PREDICTED: Mus musculus zinc finger, MYM-type 4 (Zmym4), transcript variant X1, mRNA': 14}, {'Mus musculus unc-13 homolog B (Unc13b), transcript variant 4, mRNA': 13}, {'PREDICTED: Mus musculus SH3-binding domain kinase family, member 2 (Sbk2), transcript variant X1, mRNA': 13}, {'PREDICTED: Mus musculus predicted gene, 33050 (Gm33050), transcript variant X3, ncRNA': 13}, {'PREDICTED: Mus musculus predicted gene, 33050 (Gm33050), transcript variant X2, ncRNA': 13}, {'PREDICTED: Mus musculus predicted gene, 33050 (Gm33050), transcript variant X1, ncRNA': 13}, {'PREDICTED: Mus musculus integrator complex subunit 11 (Ints11), transcript variant X5, mRNA': 13}, {'PREDICTED: Mus musculus zinc finger protein 169 (Zfp169), transcript variant X5, mRNA': 13}]"
3,NM_009957.2-107,1206,1258,TTGGCACCGGAATCACGGTCAAATACGCTAATTAAAGTGACGACTCTTCCAG,CTGGAAGAGTCGTCACTTTAATTAGCGTATTTGACCGTGATTCCGGTGCCAA,-49.35005148016709,66.4,52,46.15384615384615,48.0,40.0,25,25,55.19,47.33,"{'NM_009957.2': 0, 'NM_201243.1': 9}","{'NM_009957.2': 0, 'NM_201243.1': 9}",1206,0.44,TTGGCACCGGAATCACGGTCAAATA,CTAATTAAAGTGACGACTCTTCCAG,0.33,0.67,1.0,TTGGCACCGGAATCACGGTCAAATAAAATCATCCAGTAAACCGCC,CCTCGTAAATCCTCATCAAACTAATTAAAGTGACGACTCTTCCAG,"[{'Mus musculus protocadherin alpha 7 (Pcdha7), mRNA': 25}, {'Mus musculus predicted gene, 38667 (Gm38667), mRNA': 25}, {'Mus musculus cutA divalent cation tolerance homolog-like (Cutal), transcript variant 2, mRNA': 14}, {'Mus musculus cutA divalent cation tolerance homolog-like (Cutal), transcript variant 1, mRNA': 14}, {'PREDICTED: Mus musculus prostaglandin F2 receptor negative regulator (Ptgfrn), transcript variant X1, mRNA': 14}, {'PREDICTED: Mus musculus prostaglandin F2 receptor negative regulator (Ptgfrn), transcript variant X2, mRNA': 14}, {'Mus musculus prostaglandin F2 receptor negative regulator (Ptgfrn), mRNA': 14}, {'PREDICTED: Mus musculus predicted gene, 52176 (Gm52176), ncRNA': 13}, {'Mus musculus RIKEN cDNA A430057M04 gene (A430057M04Rik), mRNA': 13}, {'PREDICTED: Mus musculus zinc finger protein 1 (Zfp1), transcript variant X3, mRNA': 13}, {'PREDICTED: Mus musculus zinc finger protein 1 (Zfp1), transcript variant X2, mRNA': 13}, {'PREDICTED: Mus musculus zinc finger protein 1 (Zfp1), transcript variant X1, mRNA': 13}, {'Mus musculus RIKEN cDNA 4930555B11 gene (4930555B11Rik), long non-coding RNA': 13}, {'PREDICTED: Mus musculus HYDIN, axonemal central pair apparatus protein (Hydin), transcript variant X6, mRNA': 13}, {'PREDICTED: Mus musculus HYDIN, axonemal central pair apparatus protein (Hydin), transcript variant X5, mRNA': 13}, {'PREDICTED: Mus musculus HYDIN, axonemal central pair apparatus protein (Hydin), transcript variant X4, mRNA': 13}, {'PREDICTED: Mus musculus HYDIN, axonemal central pair apparatus protein (Hydin), transcript variant X3, mRNA': 13}, {'PREDICTED: Mus musculus HYDIN, axonemal central pair apparatus protein (Hydin), transcript variant X2, mRNA': 13}, {'PREDICTED: Mus musculus HYDIN, axonemal central pair apparatus protein (Hydin), transcript variant X1, mRNA': 13}, {'PREDICTED: Mus musculus solute carrier family 8 (sodium/calcium exchanger), member 1 (Slc8a1), transcript variant X17, mRNA': 13}]","[{'Mus musculus protocadherin alpha 7 (Pcdha7), mRNA': 25}, {'Mus musculus predicted gene, 38667 (Gm38667), mRNA': 25}, {'PREDICTED: Mus musculus predicted gene, 30690 (Gm30690), ncRNA': 15}, {'Mus musculus LUC7-like 3 (S. cerevisiae) (Luc7l3), transcript variant 6, non-coding RNA': 14}, {'Mus musculus LUC7-like 3 (S. cerevisiae) (Luc7l3), transcript variant 4, non-coding RNA': 14}, {'Mus musculus LUC7-like 3 (S. cerevisiae) (Luc7l3), transcript variant 2, mRNA': 14}, {'Mus musculus LUC7-like 3 (S. cerevisiae) (Luc7l3), transcript variant 3, mRNA': 14}, {'Mus musculus LUC7-like 3 (S. cerevisiae) (Luc7l3), transcript variant 5, mRNA': 14}, {'Mus musculus LUC7-like 3 (S. cerevisiae) (Luc7l3), transcript variant 1, mRNA': 14}, {'Mus musculus elongation of very long chain fatty acids (FEN1/Elo2, SUR4/Elo3, yeast)-like 1 (Elovl1), transcript variant 1, mRNA': 14}, {'Mus musculus elongation of very long chain fatty acids (FEN1/Elo2, SUR4/Elo3, yeast)-like 1 (Elovl1), transcript variant 3, mRNA': 14}, {'Mus musculus elongation of very long chain fatty acids (FEN1/Elo2, SUR4/Elo3, yeast)-like 1 (Elovl1), transcript variant 2, mRNA': 14}, {'PREDICTED: Mus musculus elongation of very long chain fatty acids (FEN1/Elo2, SUR4/Elo3, yeast)-like 1 (Elovl1), transcript variant X1, mRNA': 14}, {'Mus musculus WD repeat domain 17 (Wdr17), transcript variant 5, mRNA': 14}, {'PREDICTED: Mus musculus WD repeat domain 17 (Wdr17), transcript variant X2, mRNA': 14}, {'PREDICTED: Mus musculus predicted gene, 39885 (Gm39885), transcript variant X3, ncRNA': 14}, {'PREDICTED: Mus musculus predicted gene, 39885 (Gm39885), transcript variant X1, ncRNA': 14}, {'PREDICTED: Mus musculus arachidonate 15-lipoxygenase (Alox15), transcript variant X1, mRNA': 14}, {'Mus musculus cAMP responsive element binding protein 3-like 2 (Creb3l2), mRNA': 14}, {'Mus musculus mitochondrial ribosomal protein L2 (Mrpl2), transcript variant 3, mRNA; nuclear gene for mitochondrial product': 13}]"
4,NM_009957.2-111,1828,1880,CTGACCAGGCACCAAAGCTCTTGATACTACCTCATTCATTGTGCCACCAACC,GGTTGGTGGCACAATGAATGAGGTAGTATCAAGAGCTTTGGTGCCTGGTCAG,-50.54112031782631,67.79,52,50.0,52.0,48.0,25,25,55.47,53.72,"{'NM_009957.2': 0, 'NM_201243.1': 9}","{'NM_009957.2': 0, 'NM_201243.1': 8}",1828,0.44,CTGACCAGGCACCAAAGCTCTTGAT,TACCTCATTCATTGTGCCACCAACC,0.67,0.33,1.0,CTGACCAGGCACCAAAGCTCTTGATAAATCATCCAGTAAACCGCC,CCTCGTAAATCCTCATCAAATACCTCATTCATTGTGCCACCAACC,"[{'Mus musculus protocadherin alpha 7 (Pcdha7), mRNA': 25}, {'Mus musculus predicted gene, 38667 (Gm38667), mRNA': 25}, {'PREDICTED: Mus musculus dystonin (Dst), transcript variant X34, mRNA': 15}, {'PREDICTED: Mus musculus dystonin (Dst), transcript variant X33, mRNA': 15}, {'PREDICTED: Mus musculus dystonin (Dst), transcript variant X28, mRNA': 15}, {'PREDICTED: Mus musculus dystonin (Dst), transcript variant X32, mRNA': 15}, {'PREDICTED: Mus musculus dystonin (Dst), transcript variant X31, mRNA': 15}, {'PREDICTED: Mus musculus dystonin (Dst), transcript variant X26, mRNA': 15}, {'PREDICTED: Mus musculus dystonin (Dst), transcript variant X25, mRNA': 15}, {'PREDICTED: Mus musculus dystonin (Dst), transcript variant X24, mRNA': 15}, {'PREDICTED: Mus musculus dystonin (Dst), transcript variant X22, mRNA': 15}, {'PREDICTED: Mus musculus dystonin (Dst), transcript variant X18, mRNA': 15}, {'PREDICTED: Mus musculus dystonin (Dst), transcript variant X16, mRNA': 15}, {'PREDICTED: Mus musculus dystonin (Dst), transcript variant X14, mRNA': 15}, {'PREDICTED: Mus musculus dystonin (Dst), transcript variant X11, mRNA': 15}, {'PREDICTED: Mus musculus dystonin (Dst), transcript variant X9, mRNA': 15}, {'PREDICTED: Mus musculus dystonin (Dst), transcript variant X8, mRNA': 15}, {'PREDICTED: Mus musculus dystonin (Dst), transcript variant X7, mRNA': 15}, {'PREDICTED: Mus musculus dystonin (Dst), transcript variant X6, mRNA': 15}, {'PREDICTED: Mus musculus dystonin (Dst), transcript variant X5, mRNA': 15}]","[{'Mus musculus protocadherin alpha 7 (Pcdha7), mRNA': 25}, {'Mus musculus predicted gene, 38667 (Gm38667), mRNA': 25}, {'Mus musculus neuronal pentraxin receptor (Nptxr), mRNA': 16}, {'Mus musculus neuronal pentraxin chromo domain (Npcd), transcript variant 2, mRNA': 16}, {'Mus musculus neuronal pentraxin chromo domain (Npcd), transcript variant 1, mRNA': 16}, {'PREDICTED: Mus musculus zinc finger protein 407 (Zfp407), transcript variant X4, mRNA': 15}, {'PREDICTED: Mus musculus zinc finger protein 407 (Zfp407), transcript variant X3, misc_RNA': 15}, {'PREDICTED: Mus musculus zinc finger protein 407 (Zfp407), transcript variant X2, misc_RNA': 15}, {'PREDICTED: Mus musculus zinc finger protein 407 (Zfp407), transcript variant X1, mRNA': 15}, {'Mus musculus zinc finger protein 407 (Zfp407), mRNA': 15}, {'PREDICTED: Mus musculus methionine adenosyltransferase I, alpha (Mat1a), transcript variant X1, mRNA': 15}, {'PREDICTED: Mus musculus eukaryotic translation initiation factor 2D (Eif2d), transcript variant X7, mRNA': 15}, {'Mus musculus transcriptional repressor GATA binding 1 (Trps1), transcript variant 3, mRNA': 15}, {'Mus musculus transcriptional repressor GATA binding 1 (Trps1), transcript variant 1, mRNA': 15}, {'Mus musculus methionine adenosyltransferase I, alpha (Mat1a), mRNA': 15}, {'PREDICTED: Mus musculus transcriptional repressor GATA binding 1 (Trps1), transcript variant X17, mRNA': 15}, {'PREDICTED: Mus musculus transcriptional repressor GATA binding 1 (Trps1), transcript variant X16, mRNA': 15}, {'PREDICTED: Mus musculus transcriptional repressor GATA binding 1 (Trps1), transcript variant X15, mRNA': 15}, {'PREDICTED: Mus musculus transcriptional repressor GATA binding 1 (Trps1), transcript variant X14, mRNA': 15}, {'PREDICTED: Mus musculus transcriptional repressor GATA binding 1 (Trps1), transcript variant X13, mRNA': 15}]"
5,NM_009957.2-113,1960,2012,CGTGCTGATTTCTCCTGTGTACAGGCCTACACGGAAGGGACTACGAACTCCA,TGGAGTTCGTAGTCCCTTCCGTGTAGGCCTGTACACAGGAGAAATCAGCACG,-52.433172550616895,69.26,52,53.84615384615385,52.0,52.0,25,25,53.51,54.99,"{'NM_009957.2': 0, 'NM_201243.1': 8}","{'NM_009957.2': 0, 'NM_201243.1': 7}",1960,0.31,CGTGCTGATTTCTCCTGTGTACAGG,TACACGGAAGGGACTACGAACTCCA,0.0,0.67,0.67,CGTGCTGATTTCTCCTGTGTACAGGAAATCATCCAGTAAACCGCC,CCTCGTAAATCCTCATCAAATACACGGAAGGGACTACGAACTCCA,"[{'Mus musculus protocadherin alpha 7 (Pcdha7), mRNA': 25}, {'Mus musculus predicted gene, 38667 (Gm38667), mRNA': 25}, {'PREDICTED: Mus musculus DEP domain containing 1B (Depdc1b), transcript variant X3, mRNA': 17}, {'PREDICTED: Mus musculus DEP domain containing 1B (Depdc1b), transcript variant X2, mRNA': 17}, {'PREDICTED: Mus musculus DEP domain containing 1B (Depdc1b), transcript variant X1, mRNA': 17}, {'Mus musculus DEP domain containing 1B (Depdc1b), mRNA': 17}, {'Mus musculus taxilin gamma (Txlng), transcript variant 1, mRNA': 16}, {'Mus musculus taxilin gamma (Txlng), transcript variant 4, mRNA': 16}, {'PREDICTED: Mus musculus taxilin gamma (Txlng), transcript variant X1, mRNA': 16}, {'PREDICTED: Mus musculus PTK2 protein tyrosine kinase 2 (Ptk2), transcript variant X39, mRNA': 16}, {'Mus musculus PTK2 protein tyrosine kinase 2 (Ptk2), transcript variant 4, mRNA': 16}, {'Mus musculus PTK2 protein tyrosine kinase 2 (Ptk2), transcript variant 3, mRNA': 16}, {'PREDICTED: Mus musculus PTK2 protein tyrosine kinase 2 (Ptk2), transcript variant X29, mRNA': 16}, {'PREDICTED: Mus musculus PTK2 protein tyrosine kinase 2 (Ptk2), transcript variant X28, mRNA': 16}, {'PREDICTED: Mus musculus PTK2 protein tyrosine kinase 2 (Ptk2), transcript variant X47, misc_RNA': 16}, {'PREDICTED: Mus musculus PTK2 protein tyrosine kinase 2 (Ptk2), transcript variant X46, misc_RNA': 16}, {'PREDICTED: Mus musculus PTK2 protein tyrosine kinase 2 (Ptk2), transcript variant X45, misc_RNA': 16}, {'PREDICTED: Mus musculus PTK2 protein tyrosine kinase 2 (Ptk2), transcript variant X44, mRNA': 16}, {'PREDICTED: Mus musculus PTK2 protein tyrosine kinase 2 (Ptk2), transcript variant X43, mRNA': 16}, {'PREDICTED: Mus musculus PTK2 protein tyrosine kinase 2 (Ptk2), transcript variant X42, mRNA': 16}]","[{'Mus musculus protocadherin alpha 7 (Pcdha7), mRNA': 25}, {'Mus musculus predicted gene, 38667 (Gm38667), mRNA': 25}, {'Mus musculus protein phosphatase 1H (PP2C domain containing) (Ppm1h), transcript variant 2, mRNA': 16}, {'Mus musculus protocadherin alpha 10 (Pcdha10), mRNA': 14}, {'PREDICTED: Mus musculus solute carrier family 8 (sodium/calcium exchanger), member 1 (Slc8a1), transcript variant X17, mRNA': 13}, {'PREDICTED: Mus musculus solute carrier family 8 (sodium/calcium exchanger), member 1 (Slc8a1), transcript variant X16, mRNA': 13}, {'PREDICTED: Mus musculus solute carrier family 8 (sodium/calcium exchanger), member 1 (Slc8a1), transcript variant X15, mRNA': 13}, {'PREDICTED: Mus musculus solute carrier family 8 (sodium/calcium exchanger), member 1 (Slc8a1), transcript variant X13, mRNA': 13}, {'PREDICTED: Mus musculus solute carrier family 8 (sodium/calcium exchanger), member 1 (Slc8a1), transcript variant X12, mRNA': 13}, {'PREDICTED: Mus musculus solute carrier family 8 (sodium/calcium exchanger), member 1 (Slc8a1), transcript variant X11, mRNA': 13}, {'PREDICTED: Mus musculus solute carrier family 8 (sodium/calcium exchanger), member 1 (Slc8a1), transcript variant X10, mRNA': 13}, {'PREDICTED: Mus musculus solute carrier family 8 (sodium/calcium exchanger), member 1 (Slc8a1), transcript variant X9, mRNA': 13}, {'PREDICTED: Mus musculus solute carrier family 8 (sodium/calcium exchanger), member 1 (Slc8a1), transcript variant X8, mRNA': 13}, {'PREDICTED: Mus musculus solute carrier family 8 (sodium/calcium exchanger), member 1 (Slc8a1), transcript variant X7, mRNA': 13}, {'PREDICTED: Mus musculus solute carrier family 8 (sodium/calcium exchanger), member 1 (Slc8a1), transcript variant X6, mRNA': 13}, {'PREDICTED: Mus musculus solute carrier family 8 (sodium/calcium exchanger), member 1 (Slc8a1), transcript variant X5, mRNA': 13}, {'PREDICTED: Mus musculus solute carrier family 8 (sodium/calcium exchanger), member 1 (Slc8a1), transcript variant X4, mRNA': 13}, {'PREDICTED: Mus musculus solute carrier family 8 (sodium/calcium exchanger), member 1 (Slc8a1), transcript variant X3, mRNA': 13}, {'PREDICTED: Mus musculus solute carrier family 8 (sodium/calcium exchanger), member 1 (Slc8a1), transcript variant X1, mRNA': 13}, {'PREDICTED: Mus musculus FAT atypical cadherin 2 (Fat2), transcript variant X3, mRNA': 13}]"
6,NM_009957.2-114,2032,2084,AGGTTCTCCGTGATCTTTCACCAACACTAACAAGCACTGCCGCAAGGCATCT,AGATGCCTTGCGGCAGTGCTTGTTAGTGTTGGTGAAAGATCACGGAGAACCT,-52.49635165750068,69.38,52,50.0,48.0,52.0,25,25,53.1,57.64,"{'NM_009957.2': 0, 'NM_201243.1': 9}","{'NM_009957.2': 0, 'NM_201243.1': 6}",2032,0.35,AGGTTCTCCGTGATCTTTCACCAAC,TAACAAGCACTGCCGCAAGGCATCT,0.67,0.33,1.0,AGGTTCTCCGTGATCTTTCACCAACAAATCATCCAGTAAACCGCC,CCTCGTAAATCCTCATCAAATAACAAGCACTGCCGCAAGGCATCT,"[{'Mus musculus protocadherin alpha 7 (Pcdha7), mRNA': 25}, {'Mus musculus predicted gene, 38667 (Gm38667), mRNA': 25}, {'PREDICTED: Mus musculus teneurin transmembrane protein 2 (Tenm2), transcript variant X13, mRNA': 14}, {'PREDICTED: Mus musculus teneurin transmembrane protein 2 (Tenm2), transcript variant X12, mRNA': 14}, {'PREDICTED: Mus musculus teneurin transmembrane protein 2 (Tenm2), transcript variant X7, mRNA': 14}, {'PREDICTED: Mus musculus teneurin transmembrane protein 2 (Tenm2), transcript variant X2, mRNA': 14}, {'PREDICTED: Mus musculus teneurin transmembrane protein 2 (Tenm2), transcript variant X1, mRNA': 14}, {'Mus musculus teneurin transmembrane protein 2 (Tenm2), transcript variant 2, mRNA': 14}, {'Mus musculus teneurin transmembrane protein 2 (Tenm2), transcript variant 1, mRNA': 14}, {'PREDICTED: Mus musculus teneurin transmembrane protein 2 (Tenm2), transcript variant X31, mRNA': 14}, {'PREDICTED: Mus musculus teneurin transmembrane protein 2 (Tenm2), transcript variant X30, mRNA': 14}, {'PREDICTED: Mus musculus teneurin transmembrane protein 2 (Tenm2), transcript variant X29, mRNA': 14}, {'PREDICTED: Mus musculus teneurin transmembrane protein 2 (Tenm2), transcript variant X28, mRNA': 14}, {'PREDICTED: Mus musculus teneurin transmembrane protein 2 (Tenm2), transcript variant X27, mRNA': 14}, {'PREDICTED: Mus musculus teneurin transmembrane protein 2 (Tenm2), transcript variant X26, mRNA': 14}, {'PREDICTED: Mus musculus teneurin transmembrane protein 2 (Tenm2), transcript variant X25, mRNA': 14}, {'PREDICTED: Mus musculus teneurin transmembrane protein 2 (Tenm2), transcript variant X24, mRNA': 14}, {'PREDICTED: Mus musculus teneurin transmembrane protein 2 (Tenm2), transcript variant X23, mRNA': 14}, {'PREDICTED: Mus musculus teneurin transmembrane protein 2 (Tenm2), transcript variant X22, mRNA': 14}, {'PREDICTED: Mus musculus teneurin transmembrane protein 2 (Tenm2), transcript variant X21, mRNA': 14}]","[{'Mus musculus protocadherin alpha 7 (Pcdha7), mRNA': 25}, {'Mus musculus predicted gene, 38667 (Gm38667), mRNA': 25}, {'PREDICTED: Mus musculus minichromosome maintenance 10 replication initiation factor (Mcm10), transcript variant X1, mRNA': 14}, {'Mus musculus minichromosome maintenance 10 replication initiation factor (Mcm10), transcript variant 2, mRNA': 14}, {'Mus musculus minichromosome maintenance 10 replication initiation factor (Mcm10), transcript variant 1, mRNA': 14}, {'PREDICTED: Mus musculus protein tyrosine phosphatase, non-receptor type 4 (Ptpn4), transcript variant X10, mRNA': 14}, {'PREDICTED: Mus musculus protein tyrosine phosphatase, non-receptor type 4 (Ptpn4), transcript variant X9, mRNA': 14}, {'PREDICTED: Mus musculus protein tyrosine phosphatase, non-receptor type 4 (Ptpn4), transcript variant X8, mRNA': 14}, {'PREDICTED: Mus musculus protein tyrosine phosphatase, non-receptor type 4 (Ptpn4), transcript variant X7, mRNA': 14}, {'PREDICTED: Mus musculus protein tyrosine phosphatase, non-receptor type 4 (Ptpn4), transcript variant X6, mRNA': 14}, {'PREDICTED: Mus musculus protein tyrosine phosphatase, non-receptor type 4 (Ptpn4), transcript variant X4, mRNA': 14}, {'PREDICTED: Mus musculus protein tyrosine phosphatase, non-receptor type 4 (Ptpn4), transcript variant X3, mRNA': 14}, {'PREDICTED: Mus musculus protein tyrosine phosphatase, non-receptor type 4 (Ptpn4), transcript variant X2, misc_RNA': 14}, {'PREDICTED: Mus musculus protein tyrosine phosphatase, non-receptor type 4 (Ptpn4), transcript variant X1, mRNA': 14}, {'Mus musculus L-amino acid oxidase 1 (Lao1), mRNA': 14}, {'Mus musculus leucine rich repeat and fibronectin type III, extracellular 1 (Elfn1), transcript variant 1, mRNA': 13}, {'Mus musculus leucine rich repeat and fibronectin type III, extracellular 1 (Elfn1), transcript variant 2, mRNA': 13}, {'PREDICTED: Mus musculus leucine rich repeat and fibronectin type III, extracellular 1 (Elfn1), transcript variant X5, mRNA': 13}, {'PREDICTED: Mus musculus leucine rich repeat and fibronectin type III, extracellular 1 (Elfn1), transcript variant X2, mRNA': 13}, {'PREDICTED: Mus musculus predicted gene, 30042 (Gm30042), transcript variant X3, ncRNA': 13}]"
7,NM_009957.2-127,2112,2164,GCTGACACCTTAGATGAGACCTTCTGTGTTTGGCCGCTGTCTACCAGAGAAA,TTTCTCTGGTAGACAGCGGCCAAACACAGAAGGTCTCATCTAAGGTGTCAGC,-50.58533279565961,67.85,52,50.0,48.0,52.0,25,25,52.02,55.31,"{'NM_009957.2': 0, 'NM_201243.1': 7}","{'NM_009957.2': 0, 'NM_201243.1': 9}",2112,0.42,GCTGACACCTTAGATGAGACCTTCT,GTTTGGCCGCTGTCTACCAGAGAAA,0.67,0.67,1.34,GCTGACACCTTAGATGAGACCTTCTAAATCATCCAGTAAACCGCC,CCTCGTAAATCCTCATCAAAGTTTGGCCGCTGTCTACCAGAGAAA,"[{'Mus musculus protocadherin alpha 7 (Pcdha7), mRNA': 25}, {'Mus musculus predicted gene, 38667 (Gm38667), mRNA': 25}, {'PREDICTED: Mus musculus tyrosine aminotransferase (Tat), transcript variant X1, mRNA': 16}, {'PREDICTED: Mus musculus Dmx-like 2 (Dmxl2), transcript variant X3, mRNA': 15}, {'PREDICTED: Mus musculus Dmx-like 2 (Dmxl2), transcript variant X2, mRNA': 15}, {'PREDICTED: Mus musculus Dmx-like 2 (Dmxl2), transcript variant X1, mRNA': 15}, {'PREDICTED: Mus musculus Dmx-like 2 (Dmxl2), transcript variant X4, mRNA': 15}, {'Mus musculus Dmx-like 2 (Dmxl2), mRNA': 15}, {'Mus musculus predicted gene 28364 (Gm28364), long non-coding RNA': 14}, {'PREDICTED: Mus musculus Scm polycomb group protein like 2 (Scml2), transcript variant X2, mRNA': 14}, {'PREDICTED: Mus musculus Scm polycomb group protein like 2 (Scml2), transcript variant X1, mRNA': 14}, {'PREDICTED: Mus musculus predicted gene, 46660 (Gm46660), ncRNA': 14}, {'PREDICTED: Mus musculus isoamyl acetate-hydrolyzing esterase 1 homolog (Iah1), transcript variant X4, mRNA': 14}, {'PREDICTED: Mus musculus isoamyl acetate-hydrolyzing esterase 1 homolog (Iah1), transcript variant X1, mRNA': 14}, {'Mus musculus phosphoinositide-3-kinase adaptor protein 1 (Pik3ap1), mRNA': 14}, {'PREDICTED: Mus musculus immunoglobulin-like and fibronectin type III domain containing 1 (Igfn1), transcript variant X9, misc_RNA': 14}, {'PREDICTED: Mus musculus immunoglobulin-like and fibronectin type III domain containing 1 (Igfn1), transcript variant X8, mRNA': 14}, {'PREDICTED: Mus musculus immunoglobulin-like and fibronectin type III domain containing 1 (Igfn1), transcript variant X7, misc_RNA': 14}, {'PREDICTED: Mus musculus immunoglobulin-like and fibronectin type III domain containing 1 (Igfn1), transcript variant X6, misc_RNA': 14}, {'PREDICTED: Mus musculus immunoglobulin-like and fibronectin type III domain containing 1 (Igfn1), transcript variant X2, mRNA': 14}]","[{'Mus musculus protocadherin alpha 7 (Pcdha7), mRNA': 25}, {'Mus musculus predicted gene, 38667 (Gm38667), mRNA': 25}, {'PREDICTED: Mus musculus K(lysine) acetyltransferase 6A (Kat6a), transcript variant X2, mRNA': 14}, {'PREDICTED: Mus musculus K(lysine) acetyltransferase 6A (Kat6a), transcript variant X1, mRNA': 14}, {'PREDICTED: Mus musculus phosphoprotein associated with glycosphingolipid microdomains 1 (Pag1), transcript variant X6, mRNA': 14}, {'PREDICTED: Mus musculus phosphoprotein associated with glycosphingolipid microdomains 1 (Pag1), transcript variant X5, mRNA': 14}, {'Mus musculus MSL complex subunit 3 (Msl3), transcript variant 6, mRNA': 14}, {'Mus musculus MSL complex subunit 3 (Msl3), transcript variant 7, mRNA': 14}, {'Mus musculus MSL complex subunit 3 (Msl3), transcript variant 3, mRNA': 14}, {'Mus musculus MSL complex subunit 3 (Msl3), transcript variant 2, mRNA': 14}, {'Mus musculus MSL complex subunit 3 (Msl3), transcript variant 9, mRNA': 14}, {'Mus musculus MSL complex subunit 3 (Msl3), transcript variant 5, mRNA': 14}, {'Mus musculus MSL complex subunit 3 (Msl3), transcript variant 4, mRNA': 14}, {'Mus musculus MSL complex subunit 3 (Msl3), transcript variant 1, mRNA': 14}, {'Mus musculus MSL complex subunit 3 (Msl3), transcript variant 8, mRNA': 14}, {'Mus musculus MSL complex subunit 3 (Msl3), transcript variant 10, mRNA': 14}, {'Mus musculus ectopic P-granules autophagy protein 5 homolog (C. elegans) (Epg5), mRNA': 14}, {'Mus musculus K(lysine) acetyltransferase 6A (Kat6a), transcript variant 1, mRNA': 14}, {'Mus musculus K(lysine) acetyltransferase 6A (Kat6a), transcript variant 2, mRNA': 14}, {'Mus musculus MSL complex subunit 3 (Msl3), transcript variant 11, mRNA': 14}]"
8,NM_201243.1-0,24,76,CCTCCCAAACTGCTATGAGCAGAAGCGAAAGCACTAGAAGCTGGTCGTCTGG,CCAGACGACCAGCTTCTAGTGCTTTCGCTTCTGCTCATAGCAGTTTGGGAGG,-52.54084625688804,69.12,52,53.84615384615385,52.0,52.0,25,25,53.47,54.84,"{'NM_009957.2': 8, 'NM_201243.1': 0}","{'NM_009957.2': 9, 'NM_201243.1': 0}",109,0.77,CCTCCCAAACTGCTATGAGCAGAAG,AAAGCACTAGAAGCTGGTCGTCTGG,1.0,1.0,2.0,CCTCCCAAACTGCTATGAGCAGAAGAAATCATCCAGTAAACCGCC,CCTCGTAAATCCTCATCAAAAAAGCACTAGAAGCTGGTCGTCTGG,"[{'Mus musculus protocadherin alpha 8 (Pcdha8), mRNA': 25}, {'PREDICTED: Mus musculus integrin beta 1 binding protein 2 (Itgb1bp2), transcript variant X7, mRNA': 15}, {'PREDICTED: Mus musculus integrin beta 1 binding protein 2 (Itgb1bp2), transcript variant X6, mRNA': 15}, {'PREDICTED: Mus musculus integrin beta 1 binding protein 2 (Itgb1bp2), transcript variant X5, misc_RNA': 15}, {'PREDICTED: Mus musculus integrin beta 1 binding protein 2 (Itgb1bp2), transcript variant X4, misc_RNA': 15}, {'PREDICTED: Mus musculus integrin beta 1 binding protein 2 (Itgb1bp2), transcript variant X3, misc_RNA': 15}, {'PREDICTED: Mus musculus integrin beta 1 binding protein 2 (Itgb1bp2), transcript variant X2, misc_RNA': 15}, {'PREDICTED: Mus musculus integrin beta 1 binding protein 2 (Itgb1bp2), transcript variant X1, mRNA': 15}, {'PREDICTED: Mus musculus predicted gene, 30067 (Gm30067), ncRNA': 15}, {'Mus musculus integrin beta 1 binding protein 2 (Itgb1bp2), mRNA': 15}, {'PREDICTED: Mus musculus folliculin interacting protein 1 (Fnip1), transcript variant X3, mRNA': 15}, {'PREDICTED: Mus musculus folliculin interacting protein 1 (Fnip1), transcript variant X1, mRNA': 15}, {'Mus musculus predicted gene 2885 (Gm2885), transcript variant 2, long non-coding RNA': 14}, {'Mus musculus predicted gene 2885 (Gm2885), transcript variant 1, long non-coding RNA': 14}, {'PREDICTED: Mus musculus predicted gene 6999 (Gm6999), transcript variant X1, ncRNA': 14}, {'Mus musculus E2F transcription factor 7 (E2f7), transcript variant 2, mRNA': 14}, {'Mus musculus E2F transcription factor 7 (E2f7), transcript variant 1, mRNA': 14}, {'PREDICTED: Mus musculus small Cajal body-specific RNA 20 (Gm25492), ncRNA': 14}, {'PREDICTED: Mus musculus RIKEN cDNA 8030431J09 gene (8030431J09Rik), ncRNA': 14}, {'PREDICTED: Mus musculus uncharacterized LOC118568291 (LOC118568291), ncRNA': 14}]","[{'Mus musculus protocadherin alpha 8 (Pcdha8), mRNA': 25}, {'PREDICTED: Mus musculus predicted gene, 39022 (Gm39022), transcript variant X3, ncRNA': 18}, {'Mus musculus kazrin, periplakin interacting protein (Kazn), transcript variant 2, mRNA': 14}, {'Mus musculus kazrin, periplakin interacting protein (Kazn), transcript variant 3, mRNA': 14}, {'PREDICTED: Mus musculus transient receptor potential cation channel, subfamily M, member 1 (Trpm1), transcript variant X2, mRNA': 14}, {'PREDICTED: Mus musculus kazrin, periplakin interacting protein (Kazn), transcript variant X15, mRNA': 14}, {'PREDICTED: Mus musculus kazrin, periplakin interacting protein (Kazn), transcript variant X13, mRNA': 14}, {'PREDICTED: Mus musculus phosphatidylinositol glycan anchor biosynthesis, class K (Pigk), transcript variant X10, misc_RNA': 14}, {'PREDICTED: Mus musculus phosphatidylinositol glycan anchor biosynthesis, class K (Pigk), transcript variant X9, misc_RNA': 14}, {'PREDICTED: Mus musculus phosphatidylinositol glycan anchor biosynthesis, class K (Pigk), transcript variant X8, misc_RNA': 14}, {'PREDICTED: Mus musculus phosphatidylinositol glycan anchor biosynthesis, class K (Pigk), transcript variant X7, misc_RNA': 14}, {'PREDICTED: Mus musculus phosphatidylinositol glycan anchor biosynthesis, class K (Pigk), transcript variant X5, misc_RNA': 14}, {'PREDICTED: Mus musculus phosphatidylinositol glycan anchor biosynthesis, class K (Pigk), transcript variant X4, misc_RNA': 14}, {'PREDICTED: Mus musculus phosphatidylinositol glycan anchor biosynthesis, class K (Pigk), transcript variant X3, misc_RNA': 14}, {'PREDICTED: Mus musculus phosphatidylinositol glycan anchor biosynthesis, class K (Pigk), transcript variant X2, mRNA': 14}, {'PREDICTED: Mus musculus phosphatidylinositol glycan anchor biosynthesis, class K (Pigk), transcript variant X1, misc_RNA': 14}, {'PREDICTED: Mus musculus phosphatidylinositol-4,5-bisphosphate 3-kinase catalytic subunit alpha (Pik3ca), transcript variant X1, misc_RNA': 14}, {'PREDICTED: Mus musculus unc-79 homolog (Unc79), transcript variant X22, mRNA': 14}, {'PREDICTED: Mus musculus unc-79 homolog (Unc79), transcript variant X19, mRNA': 14}, {'PREDICTED: Mus musculus unc-79 homolog (Unc79), transcript variant X18, mRNA': 14}]"
9,NM_201243.1-5,968,1020,AACTTCCACAAGAACCGTGCAATGACCAATCAGTGGTGGGAGGCCCTTATCA,TGATAAGGGCCTCCCACCACTGATTGGTCATTGCACGGTTCTTGTGGAAGTT,-52.002203664594006,69.38,52,50.0,44.0,52.0,25,25,53.75,55.93,"{'NM_009957.2': 6, 'NM_201243.1': 0}","{'NM_009957.2': 5, 'NM_201243.1': 0}",1081,0.21,AACTTCCACAAGAACCGTGCAATGA,AATCAGTGGTGGGAGGCCCTTATCA,0.67,0.33,1.0,AACTTCCACAAGAACCGTGCAATGAAAATCATCCAGTAAACCGCC,CCTCGTAAATCCTCATCAAAAATCAGTGGTGGGAGGCCCTTATCA,"[{'Mus musculus protocadherin alpha 8 (Pcdha8), mRNA': 25}, {'Mus musculus protocadherin alpha 3 (Pcdha3), mRNA': 15}, {'Mus musculus RIKEN cDNA 4930550C17 gene (4930550C17Rik), long non-coding RNA': 15}, {'Mus musculus predicted gene 15551 (Gm15551), long non-coding RNA': 14}, {'Mus musculus SPEM family member 3 (Spem3), mRNA': 14}, {'PREDICTED: Mus musculus castor zinc finger 1 (Casz1), transcript variant X2, mRNA': 14}, {'PREDICTED: Mus musculus castor zinc finger 1 (Casz1), transcript variant X4, mRNA': 14}, {'PREDICTED: Mus musculus castor zinc finger 1 (Casz1), transcript variant X3, mRNA': 14}, {'PREDICTED: Mus musculus castor zinc finger 1 (Casz1), transcript variant X1, mRNA': 14}, {'Mus musculus castor zinc finger 1 (Casz1), transcript variant 1, mRNA': 14}, {'Mus musculus castor zinc finger 1 (Casz1), transcript variant 2, mRNA': 14}, {'PREDICTED: Mus musculus HECT and RLD domain containing E3 ubiquitin protein ligase family member 1 (Herc1), transcript variant X9, mRNA': 14}, {'PREDICTED: Mus musculus HECT and RLD domain containing E3 ubiquitin protein ligase family member 1 (Herc1), transcript variant X7, mRNA': 14}, {'PREDICTED: Mus musculus HECT and RLD domain containing E3 ubiquitin protein ligase family member 1 (Herc1), transcript variant X6, mRNA': 14}, {'PREDICTED: Mus musculus HECT and RLD domain containing E3 ubiquitin protein ligase family member 1 (Herc1), transcript variant X5, mRNA': 14}, {'PREDICTED: Mus musculus HECT and RLD domain containing E3 ubiquitin protein ligase family member 1 (Herc1), transcript variant X4, mRNA': 14}, {'PREDICTED: Mus musculus HECT and RLD domain containing E3 ubiquitin protein ligase family member 1 (Herc1), transcript variant X3, mRNA': 14}, {'PREDICTED: Mus musculus HECT and RLD domain containing E3 ubiquitin protein ligase family member 1 (Herc1), transcript variant X2, mRNA': 14}, {'PREDICTED: Mus musculus HECT and RLD domain containing E3 ubiquitin protein ligase family member 1 (Herc1), transcript variant X1, mRNA': 14}, {'PREDICTED: Mus musculus polycomb group ring finger 2 (Pcgf2), transcript variant X3, mRNA': 14}]","[{'Mus musculus protocadherin alpha 8 (Pcdha8), mRNA': 25}, {'Mus musculus predicted gene 12758 (Gm12758), long non-coding RNA': 16}, {'PREDICTED: Mus musculus predicted gene 11767 (Gm11767), transcript variant X1, ncRNA': 15}, {'Mus musculus RAB11 family interacting protein 3 (class II) (Rab11fip3), transcript variant 1, mRNA': 15}, {'Mus musculus RAB11 family interacting protein 3 (class II) (Rab11fip3), transcript variant 2, mRNA': 15}, {'PREDICTED: Mus musculus alkaline ceramidase 3 (Acer3), transcript variant X1, misc_RNA': 15}, {'PREDICTED: Mus musculus RAB11 family interacting protein 3 (class II) (Rab11fip3), transcript variant X3, mRNA': 15}, {'PREDICTED: Mus musculus RAB11 family interacting protein 3 (class II) (Rab11fip3), transcript variant X2, mRNA': 15}, {'PREDICTED: Mus musculus RAB11 family interacting protein 3 (class II) (Rab11fip3), transcript variant X1, mRNA': 15}, {'PREDICTED: Mus musculus predicted gene 11767 (Gm11767), transcript variant X4, ncRNA': 15}, {'PREDICTED: Mus musculus predicted gene 11767 (Gm11767), transcript variant X3, ncRNA': 15}, {'PREDICTED: Mus musculus predicted gene 11767 (Gm11767), transcript variant X2, ncRNA': 15}, {'Mus musculus RIKEN cDNA 4931431C16 gene (4931431C16Rik), long non-coding RNA': 15}, {'Mus musculus RAB11 family interacting protein 3 (class II) (Rab11fip3), transcript variant 3, mRNA': 15}, {'Mus musculus RIKEN cDNA 1700022N22 gene (1700022N22Rik), transcript variant 3, long non-coding RNA': 15}, {'Mus musculus kinesin family member 2B (Kif2b), mRNA': 15}, {'PREDICTED: Mus musculus predicted gene, 36660 (Gm36660), transcript variant X6, ncRNA': 15}, {'PREDICTED: Mus musculus predicted gene, 36660 (Gm36660), transcript variant X4, ncRNA': 15}, {'PREDICTED: Mus musculus predicted gene, 36660 (Gm36660), transcript variant X3, ncRNA': 15}, {'PREDICTED: Mus musculus predicted gene, 36660 (Gm36660), transcript variant X2, ncRNA': 15}]"
10,NM_201243.1-22,1099,1151,TGCCCGTTGATACCTGAGTCTAGATCAATCACACTGATCAGGGCAATAATTT,AAATTATTGCCCTGATCAGTGTGATTGATCTAGACTCAGGTATCAACGGGCA,-46.99160395477618,65.04,52,42.30769230769231,48.0,36.0,25,25,53.2,49.31,"{'NM_009957.2': 9, 'NM_201243.1': 0}","{'NM_009957.2': 8, 'NM_201243.1': 0}",1212,0.4,TGCCCGTTGATACCTGAGTCTAGAT,ATCACACTGATCAGGGCAATAATTT,0.67,0.33,1.0,TGCCCGTTGATACCTGAGTCTAGATAAATCATCCAGTAAACCGCC,CCTCGTAAATCCTCATCAAAATCACACTGATCAGGGCAATAATTT,"[{'Mus musculus protocadherin alpha 8 (Pcdha8), mRNA': 25}, {'PREDICTED: Mus musculus coiled-coil domain containing 148 (Ccdc148), transcript variant X6, mRNA': 16}, {'PREDICTED: Mus musculus coiled-coil domain containing 148 (Ccdc148), transcript variant X5, mRNA': 16}, {'PREDICTED: Mus musculus coiled-coil domain containing 148 (Ccdc148), transcript variant X4, mRNA': 16}, {'PREDICTED: Mus musculus coiled-coil domain containing 148 (Ccdc148), transcript variant X1, mRNA': 16}, {'PREDICTED: Mus musculus predicted gene, 46427 (Gm46427), partial mRNA': 15}, {'PREDICTED: Mus musculus predicted gene, 46425 (Gm46425), mRNA': 15}, {'PREDICTED: Mus musculus predicted gene 7697 (Gm7697), transcript variant X1, mRNA': 15}, {'Mus musculus predicted gene 13498 (Gm13498), non-coding RNA': 15}, {'Mus musculus polycomb group ring finger 3 (Pcgf3), transcript variant 3, mRNA': 14}, {'PREDICTED: Mus musculus predicted gene, 35732 (Gm35732), ncRNA': 14}, {'Mus musculus zinc finger protein 536 (Zfp536), transcript variant 4, mRNA': 14}, {'Mus musculus zinc finger protein 536 (Zfp536), transcript variant 3, mRNA': 14}, {'PREDICTED: Mus musculus polycomb group ring finger 3 (Pcgf3), transcript variant X3, mRNA': 14}, {'PREDICTED: Mus musculus polycomb group ring finger 3 (Pcgf3), transcript variant X2, mRNA': 14}, {'PREDICTED: Mus musculus Rap guanine nucleotide exchange factor (GEF) 2 (Rapgef2), transcript variant X6, mRNA': 14}, {'PREDICTED: Mus musculus transient receptor potential cation channel, subfamily C, member 4 (Trpc4), transcript variant X3, mRNA': 14}, {'PREDICTED: Mus musculus predicted gene, 39099 (Gm39099), ncRNA': 14}, {'PREDICTED: Mus musculus 3-hydroxyanthranilate 3,4-dioxygenase (Haao), transcript variant X6, misc_RNA': 14}, {'PREDICTED: Mus musculus 3-hydroxyanthranilate 3,4-dioxygenase (Haao), transcript variant X5, misc_RNA': 14}]","[{'Mus musculus protocadherin alpha 8 (Pcdha8), mRNA': 25}, {'Mus musculus podocan (Podn), transcript variant 2, mRNA': 15}, {'Mus musculus podocan (Podn), transcript variant 3, mRNA': 15}, {'Mus musculus podocan (Podn), transcript variant 1, mRNA': 15}, {'PREDICTED: Mus musculus podocan (Podn), transcript variant X3, mRNA': 15}, {'PREDICTED: Mus musculus predicted gene, 26871 (Gm26871), transcript variant X13, ncRNA': 15}, {'PREDICTED: Mus musculus predicted gene, 26871 (Gm26871), transcript variant X9, ncRNA': 15}, {'Mus musculus protocadherin alpha 3 (Pcdha3), mRNA': 15}, {'PREDICTED: Mus musculus podocan (Podn), transcript variant X2, mRNA': 15}, {'PREDICTED: Mus musculus podocan (Podn), transcript variant X1, mRNA': 15}, {'PREDICTED: Mus musculus predicted gene, 39181 (Gm39181), transcript variant X1, ncRNA': 14}, {'PREDICTED: Mus musculus helicase with zinc finger 2, transcriptional coactivator (Helz2), transcript variant X3, misc_RNA': 14}, {'PREDICTED: Mus musculus helicase with zinc finger 2, transcriptional coactivator (Helz2), transcript variant X4, mRNA': 14}, {'PREDICTED: Mus musculus helicase with zinc finger 2, transcriptional coactivator (Helz2), transcript variant X1, mRNA': 14}, {'Mus musculus small proline-rich protein 2A3 (Sprr2a3), mRNA': 14}, {'Mus musculus small proline-rich protein 2A2 (Sprr2a2), mRNA': 14}, {'Mus musculus small proline-rich protein 2B (Sprr2b), mRNA': 14}, {'PREDICTED: Mus musculus predicted gene, 39181 (Gm39181), transcript variant X2, ncRNA': 14}, {'PREDICTED: Mus musculus helicase with zinc finger 2, transcriptional coactivator (Helz2), transcript variant X2, misc_RNA': 14}, {'PREDICTED: Mus musculus zinc finger protein 334 (Zfp334), transcript variant X5, mRNA': 14}]"
11,NM_201243.1-38,1790,1842,CCATGAGAGCAGCTCATAAGACAGCCAAGCATTGTAACCAGAGTCTGCATCT,AGATGCAGACTCTGGTTACAATGCTTGGCTGTCTTATGAGCTGCTCTCATGG,-49.90011596509374,67.26,52,48.07692307692308,52.0,44.0,25,25,53.47,52.54,"{'NM_009957.2': 4, 'NM_201243.1': 0}","{'NM_009957.2': 8, 'NM_201243.1': 0}",1903,0.23,CCATGAGAGCAGCTCATAAGACAGC,AGCATTGTAACCAGAGTCTGCATCT,0.33,0.33,0.66,CCATGAGAGCAGCTCATAAGACAGCAAATCATCCAGTAAACCGCC,CCTCGTAAATCCTCATCAAAAGCATTGTAACCAGAGTCTGCATCT,"[{'Mus musculus protocadherin alpha 8 (Pcdha8), mRNA': 25}, {'Mus musculus protocadherin alpha 6 (Pcdha6), mRNA': 17}, {'Mus musculus predicted gene, 38666 (Gm38666), mRNA': 17}, {'Mus musculus developmental pluripotency associated 2 (Dppa2), mRNA': 16}, {'PREDICTED: Mus musculus coiled-coil domain containing 50 (Ccdc50), transcript variant X3, mRNA': 15}, {'Mus musculus transmembrane protein 241 (Tmem241), transcript variant 4, non-coding RNA': 15}, {'Mus musculus transmembrane protein 241 (Tmem241), transcript variant 2, mRNA': 15}, {'Mus musculus transmembrane protein 241 (Tmem241), transcript variant 3, mRNA': 15}, {'Mus musculus transmembrane protein 241 (Tmem241), transcript variant 1, mRNA': 15}, {'Mus musculus coiled-coil domain containing 50 (Ccdc50), transcript variant 1, mRNA': 15}, {'Mus musculus coiled-coil domain containing 50 (Ccdc50), transcript variant 3, mRNA': 15}, {'PREDICTED: Mus musculus predicted gene, 35999 (Gm35999), transcript variant X2, ncRNA': 15}, {'PREDICTED: Mus musculus transmembrane protein 241 (Tmem241), transcript variant X39, misc_RNA': 15}, {'PREDICTED: Mus musculus transmembrane protein 241 (Tmem241), transcript variant X38, mRNA': 15}, {'PREDICTED: Mus musculus transmembrane protein 241 (Tmem241), transcript variant X33, mRNA': 15}, {'PREDICTED: Mus musculus transmembrane protein 241 (Tmem241), transcript variant X31, misc_RNA': 15}, {'PREDICTED: Mus musculus transmembrane protein 241 (Tmem241), transcript variant X29, mRNA': 15}, {'PREDICTED: Mus musculus transmembrane protein 241 (Tmem241), transcript variant X27, mRNA': 15}, {'PREDICTED: Mus musculus transmembrane protein 241 (Tmem241), transcript variant X26, mRNA': 15}, {'PREDICTED: Mus musculus transmembrane protein 241 (Tmem241), transcript variant X21, misc_RNA': 15}]","[{'Mus musculus protocadherin alpha 8 (Pcdha8), mRNA': 25}, {'Mus musculus zinc finger protein 467 (Zfp467), transcript variant 5, mRNA': 16}, {'Mus musculus zinc finger protein 467 (Zfp467), transcript variant 6, mRNA': 16}, {'PREDICTED: Mus musculus zinc finger protein 467 (Zfp467), transcript variant X7, mRNA': 16}, {'PREDICTED: Mus musculus zinc finger protein 467 (Zfp467), transcript variant X5, mRNA': 16}, {'PREDICTED: Mus musculus zinc finger protein 467 (Zfp467), transcript variant X10, mRNA': 16}, {'PREDICTED: Mus musculus zinc finger protein 467 (Zfp467), transcript variant X8, mRNA': 16}, {'PREDICTED: Mus musculus zinc finger protein 467 (Zfp467), transcript variant X6, mRNA': 16}, {'PREDICTED: Mus musculus zinc finger protein 467 (Zfp467), transcript variant X4, mRNA': 16}, {'PREDICTED: Mus musculus zinc finger protein 467 (Zfp467), transcript variant X3, mRNA': 16}, {'PREDICTED: Mus musculus zinc finger protein 467 (Zfp467), transcript variant X2, mRNA': 16}, {'PREDICTED: Mus musculus zinc finger protein 467 (Zfp467), transcript variant X1, mRNA': 16}, {'Mus musculus zinc finger protein 467 (Zfp467), transcript variant 3, mRNA': 16}, {'Mus musculus zinc finger protein 467 (Zfp467), transcript variant 2, mRNA': 16}, {'Mus musculus zinc finger protein 467 (Zfp467), transcript variant 1, mRNA': 16}, {'PREDICTED: Mus musculus predicted gene, 41960 (Gm41960), ncRNA': 15}, {'Mus musculus aldehyde dehydrogenase 2, mitochondrial (Aldh2), transcript variant 1, mRNA; nuclear gene for mitochondrial product': 15}, {'Mus musculus pregnancy specific beta-1-glycoprotein, pseudogene 1 (Psg-ps1), non-coding RNA': 15}, {'Mus musculus sex comb on midleg homolog 1 (Scmh1), transcript variant 6, mRNA': 14}, {'Mus musculus sex comb on midleg homolog 1 (Scmh1), transcript variant 7, mRNA': 14}]"
12,NM_201243.1-83,1902,1954,TTACCAGCACCAGCAAACGTTGTCTAGTCCCATCTGTTTCATCCAAAGACCT,AGGTCTTTGGATGAAACAGATGGGACTAGACAACGTTTGCTGGTGCTGGTAA,-49.63205212501638,67.25,52,46.15384615384615,48.0,44.0,25,25,55.48,52.36,"{'NM_009957.2': 8, 'NM_201243.1': 0}","{'NM_009957.2': 9, 'NM_201243.1': 0}",2015,0.38,TTACCAGCACCAGCAAACGTTGTCT,TCCCATCTGTTTCATCCAAAGACCT,1.0,0.67,1.67,TTACCAGCACCAGCAAACGTTGTCTAAATCATCCAGTAAACCGCC,CCTCGTAAATCCTCATCAAATCCCATCTGTTTCATCCAAAGACCT,"[{'Mus musculus protocadherin alpha 8 (Pcdha8), mRNA': 25}, {'Mus musculus vacuolar protein sorting 13B (Vps13b), mRNA': 15}, {'Mus musculus interleukin 1 receptor, type I (Il1r1), transcript variant 1, mRNA': 15}, {'Mus musculus gon-4-like (C.elegans) (Gon4l), transcript variant 3, mRNA': 15}, {'Mus musculus gon-4-like (C.elegans) (Gon4l), transcript variant 1, mRNA': 15}, {'Mus musculus gon-4-like (C.elegans) (Gon4l), transcript variant 2, mRNA': 15}, {'PREDICTED: Mus musculus polymerase (DNA directed), delta 1, catalytic subunit (Pold1), transcript variant X1, mRNA': 15}, {'PREDICTED: Mus musculus gon-4-like (C.elegans) (Gon4l), transcript variant X7, mRNA': 15}, {'PREDICTED: Mus musculus gon-4-like (C.elegans) (Gon4l), transcript variant X6, mRNA': 15}, {'PREDICTED: Mus musculus gon-4-like (C.elegans) (Gon4l), transcript variant X3, mRNA': 15}, {'PREDICTED: Mus musculus gon-4-like (C.elegans) (Gon4l), transcript variant X2, mRNA': 15}, {'PREDICTED: Mus musculus gon-4-like (C.elegans) (Gon4l), transcript variant X1, mRNA': 15}, {'PREDICTED: Mus musculus interleukin 1 receptor, type I (Il1r1), transcript variant X5, mRNA': 15}, {'Mus musculus transforming, acidic coiled-coil containing protein 2 (Tacc2), transcript variant 3, mRNA': 14}, {'Mus musculus RAB44, member RAS oncogene family (Rab44), mRNA': 14}, {'Mus musculus kelch-like 8 (Klhl8), transcript variant 1, mRNA': 14}, {'Mus musculus kelch-like 8 (Klhl8), transcript variant 2, mRNA': 14}, {'Mus musculus kelch-like 8 (Klhl8), transcript variant 3, mRNA': 14}, {'PREDICTED: Mus musculus transforming, acidic coiled-coil containing protein 2 (Tacc2), transcript variant X8, mRNA': 14}, {'Mus musculus prostate transmembrane protein, androgen induced 1 (Pmepa1), transcript variant 2, mRNA': 14}]","[{'Mus musculus protocadherin alpha 8 (Pcdha8), mRNA': 25}, {'Mus musculus glycine decarboxylase (Gldc), mRNA; nuclear gene for mitochondrial product': 16}, {'Mus musculus tRNA methyltransferase 9B (Trmt9b), transcript variant 1, mRNA': 15}, {'Mus musculus tRNA methyltransferase 9B (Trmt9b), transcript variant 3, mRNA': 15}, {'Mus musculus tRNA methyltransferase 9B (Trmt9b), transcript variant 2, mRNA': 15}, {'PREDICTED: Mus musculus tRNA methyltransferase 9B (Trmt9b), transcript variant X3, mRNA': 15}, {'Mus musculus protocadherin alpha 3 (Pcdha3), mRNA': 15}, {'PREDICTED: Mus musculus tRNA methyltransferase 9B (Trmt9b), transcript variant X5, mRNA': 15}, {'PREDICTED: Mus musculus cell adhesion molecule 1 (Cadm1), transcript variant X19, mRNA': 15}, {'PREDICTED: Mus musculus cell adhesion molecule 1 (Cadm1), transcript variant X14, mRNA': 15}, {'PREDICTED: Mus musculus cell adhesion molecule 1 (Cadm1), transcript variant X10, mRNA': 15}, {'PREDICTED: Mus musculus cell adhesion molecule 1 (Cadm1), transcript variant X9, mRNA': 15}, {'PREDICTED: Mus musculus cell adhesion molecule 1 (Cadm1), transcript variant X5, mRNA': 15}, {'PREDICTED: Mus musculus cell adhesion molecule 1 (Cadm1), transcript variant X4, mRNA': 15}, {'PREDICTED: Mus musculus tRNA methyltransferase 9B (Trmt9b), transcript variant X4, mRNA': 15}, {'PREDICTED: Mus musculus tRNA methyltransferase 9B (Trmt9b), transcript variant X2, mRNA': 15}, {'PREDICTED: Mus musculus tRNA methyltransferase 9B (Trmt9b), transcript variant X1, mRNA': 15}, {'PREDICTED: Mus musculus bone morphogenetic protein receptor, type 1A (Bmpr1a), transcript variant X4, mRNA': 15}, {'PREDICTED: Mus musculus bone morphogenetic protein receptor, type 1A (Bmpr1a), transcript variant X3, mRNA': 15}, {'PREDICTED: Mus musculus bone morphogenetic protein receptor, type 1A (Bmpr1a), transcript variant X2, mRNA': 15}]"
13,NM_201243.1-91,2042,2094,CACGTTGACATCCACTAAAGATGGCTCTGGCACAGTAACACCCACAGAGGAT,ATCCTCTGTGGGTGTTACTGTGCCAGAGCCATCTTTAGTGGATGTCAACGTG,-50.78630813017516,68.06,52,50.0,48.0,52.0,25,25,52.28,56.13,"{'NM_009957.2': 9, 'NM_201243.1': 0}","{'NM_009957.2': 7, 'NM_201243.1': 0}",2155,0.5,CACGTTGACATCCACTAAAGATGGC,TGGCACAGTAACACCCACAGAGGAT,0.33,0.33,0.66,CACGTTGACATCCACTAAAGATGGCAAATCATCCAGTAAACCGCC,CCTCGTAAATCCTCATCAAATGGCACAGTAACACCCACAGAGGAT,"[{'Mus musculus protocadherin alpha 8 (Pcdha8), mRNA': 25}, {'Mus musculus cation channel sperm associated auxiliary subunit epsilon 2 (Catspere2), transcript variant 4, non-coding RNA': 15}, {'Mus musculus cation channel sperm associated auxiliary subunit epsilon 2 (Catspere2), transcript variant 3, mRNA': 15}, {'Mus musculus protocadherin alpha 7 (Pcdha7), mRNA': 15}, {'Mus musculus notch 3 (Notch3), mRNA': 15}, {'Mus musculus cation channel sperm associated auxiliary subunit epsilon 2 (Catspere2), transcript variant 2, non-coding RNA': 15}, {'Mus musculus predicted gene, 37013 (Gm37013), mRNA': 15}, {'Mus musculus predicted gene, 38667 (Gm38667), mRNA': 15}, {'PREDICTED: Mus musculus notch 3 (Notch3), transcript variant X2, mRNA': 15}, {'PREDICTED: Mus musculus notch 3 (Notch3), transcript variant X1, mRNA': 15}, {'PREDICTED: Mus musculus family with sequence similarity 135, member B (Fam135b), transcript variant X2, mRNA': 15}, {'PREDICTED: Mus musculus predicted gene, 30232 (Gm30232), transcript variant X1, ncRNA': 15}, {'PREDICTED: Mus musculus cation channel sperm associated auxiliary subunit epsilon 2 (Catspere2), transcript variant X12, misc_RNA': 15}, {'PREDICTED: Mus musculus cation channel sperm associated auxiliary subunit epsilon 2 (Catspere2), transcript variant X11, misc_RNA': 15}, {'PREDICTED: Mus musculus cation channel sperm associated auxiliary subunit epsilon 2 (Catspere2), transcript variant X10, misc_RNA': 15}, {'PREDICTED: Mus musculus cation channel sperm associated auxiliary subunit epsilon 2 (Catspere2), transcript variant X9, mRNA': 15}, {'PREDICTED: Mus musculus cation channel sperm associated auxiliary subunit epsilon 2 (Catspere2), transcript variant X8, mRNA': 15}, {'PREDICTED: Mus musculus cation channel sperm associated auxiliary subunit epsilon 2 (Catspere2), transcript variant X7, mRNA': 15}, {'PREDICTED: Mus musculus cation channel sperm associated auxiliary subunit epsilon 2 (Catspere2), transcript variant X6, mRNA': 15}, {'PREDICTED: Mus musculus cation channel sperm associated auxiliary subunit epsilon 2 (Catspere2), transcript variant X5, mRNA': 15}]","[{'Mus musculus protocadherin alpha 8 (Pcdha8), mRNA': 25}, {'Mus musculus heterogeneous nuclear ribonucleoprotein D-like (Hnrnpdl), transcript variant 8, non-coding RNA': 19}, {'Mus musculus heterogeneous nuclear ribonucleoprotein D-like (Hnrnpdl), transcript variant 9, non-coding RNA': 19}, {'Mus musculus heterogeneous nuclear ribonucleoprotein D-like (Hnrnpdl), transcript variant 3, mRNA': 19}, {'Mus musculus heterogeneous nuclear ribonucleoprotein D-like (Hnrnpdl), transcript variant 5, mRNA': 19}, {'Mus musculus heterogeneous nuclear ribonucleoprotein D-like (Hnrnpdl), transcript variant 4, mRNA': 19}, {'Mus musculus heterogeneous nuclear ribonucleoprotein D-like (Hnrnpdl), transcript variant 7, mRNA': 19}, {'Mus musculus heterogeneous nuclear ribonucleoprotein D-like (Hnrnpdl), transcript variant 6, mRNA': 19}, {'Mus musculus heterogeneous nuclear ribonucleoprotein D-like (Hnrnpdl), transcript variant 2, non-coding RNA': 19}, {'Mus musculus heterogeneous nuclear ribonucleoprotein D-like (Hnrnpdl), transcript variant 1, mRNA': 19}, {'PREDICTED: Mus musculus neurocalcin delta (Ncald), transcript variant X34, mRNA': 16}, {'Mus musculus APC regulator of WNT signaling pathway 2 (Apc2), transcript variant 6, mRNA': 15}, {'Mus musculus APC regulator of WNT signaling pathway 2 (Apc2), transcript variant 3, mRNA': 15}, {'Mus musculus APC regulator of WNT signaling pathway 2 (Apc2), transcript variant 1, mRNA': 15}, {'Mus musculus APC regulator of WNT signaling pathway 2 (Apc2), transcript variant 2, mRNA': 15}, {'Mus musculus APC regulator of WNT signaling pathway 2 (Apc2), transcript variant 4, mRNA': 15}, {'Mus musculus TNF receptor-associated factor 1 (Traf1), transcript variant 1, mRNA': 15}, {'Mus musculus TNF receptor-associated factor 1 (Traf1), transcript variant 2, mRNA': 15}, {'Mus musculus RAB3D, member RAS oncogene family (Rab3d), transcript variant 1, mRNA': 15}, {'Mus musculus RAB3D, member RAS oncogene family (Rab3d), transcript variant 2, mRNA': 15}]"
14,NM_201243.1-97,2332,2384,GGCTTCTCGGAGGAGTCCAAAGAAACAGATGGTTCTGCAGATCCAGGACATG,CATGTCCTGGATCTGCAGAACCATCTGTTTCTTTGGACTCCTCCGAGAAGCC,-50.99872147855498,68.19,52,51.92307692307692,52.0,52.0,25,25,54.7,53.54,"{'NM_009957.2': 7, 'NM_201243.1': 0}","{'NM_009957.2': 9, 'NM_201243.1': 0}",2450,0.69,GGCTTCTCGGAGGAGTCCAAAGAAA,GATGGTTCTGCAGATCCAGGACATG,1.0,1.0,2.0,GGCTTCTCGGAGGAGTCCAAAGAAAAAATCATCCAGTAAACCGCC,CCTCGTAAATCCTCATCAAAGATGGTTCTGCAGATCCAGGACATG,"[{'Mus musculus protocadherin alpha 8 (Pcdha8), mRNA': 25}, {'PREDICTED: Mus musculus uncharacterized LOC118568185 (LOC118568185), transcript variant X2, ncRNA': 18}, {'PREDICTED: Mus musculus uncharacterized LOC118568185 (LOC118568185), transcript variant X1, ncRNA': 18}, {'PREDICTED: Mus musculus DIM1 dimethyladenosine transferase 1-like (S. cerevisiae) (Dimt1), transcript variant X1, mRNA': 16}, {'Mus musculus DIM1 dimethyladenosine transferase 1-like (S. cerevisiae) (Dimt1), mRNA': 16}, {'PREDICTED: Mus musculus peptidylprolyl isomerase (cyclophilin)-like 4 (Ppil4), transcript variant X3, misc_RNA': 15}, {'PREDICTED: Mus musculus peptidylprolyl isomerase (cyclophilin)-like 4 (Ppil4), transcript variant X2, misc_RNA': 15}, {'PREDICTED: Mus musculus peptidylprolyl isomerase (cyclophilin)-like 4 (Ppil4), transcript variant X1, mRNA': 15}, {'Mus musculus peptidylprolyl isomerase (cyclophilin)-like 4 (Ppil4), mRNA': 15}, {'PREDICTED: Mus musculus cytochrome P450, family 4, subfamily a, polypeptide 30b (Cyp4a30b), transcript variant X3, mRNA': 15}, {'PREDICTED: Mus musculus cytochrome P450, family 4, subfamily a, polypeptide 30b (Cyp4a30b), transcript variant X2, mRNA': 15}, {'PREDICTED: Mus musculus cytochrome P450, family 4, subfamily a, polypeptide 30b (Cyp4a30b), transcript variant X1, mRNA': 15}, {'PREDICTED: Mus musculus cytochrome P450, family 4, subfamily a, polypeptide 30b (Cyp4a30b), transcript variant X4, mRNA': 15}, {'PREDICTED: Mus musculus predicted gene, 52858 (Gm52858), transcript variant X2, ncRNA': 15}, {'PREDICTED: Mus musculus predicted gene, 52858 (Gm52858), transcript variant X1, ncRNA': 15}, {'PREDICTED: Mus musculus predicted gene, 40345 (Gm40345), ncRNA': 15}, {'Mus musculus cytochrome P450, family 4, subfamily a, polypeptide 30b (Cyp4a30b), mRNA': 15}, {'PREDICTED: Mus musculus predicted gene, 33889 (Gm33889), transcript variant X8, ncRNA': 14}, {'PREDICTED: Mus musculus heparan sulfate (glucosamine) 3-O-sulfotransferase 3B1 (Hs3st3b1), transcript variant X1, mRNA': 14}, {'Mus musculus glutamate receptor interacting protein 1 (Grip1), transcript variant 10, mRNA': 14}]","[{'Mus musculus protocadherin alpha 8 (Pcdha8), mRNA': 25}, {'Mus musculus tetraspanin 33 (Tspan33), transcript variant 2, mRNA': 17}, {'Mus musculus tetraspanin 33 (Tspan33), transcript variant 1, mRNA': 17}, {'PREDICTED: Mus musculus solute carrier family 1 (high affinity aspartate/glutamate transporter), member 6 (Slc1a6), transcript variant X2, mRNA': 16}, {'PREDICTED: Mus musculus solute carrier family 1 (high affinity aspartate/glutamate transporter), member 6 (Slc1a6), transcript variant X1, mRNA': 16}, {'Mus musculus filamin A interacting protein 1 (Filip1), transcript variant 3, mRNA': 16}, {'Mus musculus filamin A interacting protein 1 (Filip1), transcript variant 1, mRNA': 16}, {'Mus musculus filamin A interacting protein 1 (Filip1), transcript variant 5, mRNA': 16}, {'Mus musculus filamin A interacting protein 1 (Filip1), transcript variant 2, mRNA': 16}, {'PREDICTED: Mus musculus predicted gene, 32725 (Gm32725), transcript variant X9, ncRNA': 16}, {'PREDICTED: Mus musculus predicted gene, 32725 (Gm32725), transcript variant X6, ncRNA': 16}, {'PREDICTED: Mus musculus predicted gene, 32725 (Gm32725), transcript variant X5, ncRNA': 16}, {'PREDICTED: Mus musculus predicted gene, 32725 (Gm32725), transcript variant X3, ncRNA': 16}, {'PREDICTED: Mus musculus predicted gene, 32725 (Gm32725), transcript variant X2, ncRNA': 16}, {'PREDICTED: Mus musculus predicted gene, 32725 (Gm32725), transcript variant X1, ncRNA': 16}, {'PREDICTED: Mus musculus predicted gene, 38581 (Gm38581), transcript variant X4, ncRNA': 16}, {'PREDICTED: Mus musculus predicted gene, 38581 (Gm38581), transcript variant X1, ncRNA': 16}, {'PREDICTED: Mus musculus predicted gene, 36875 (Gm36875), transcript variant X2, ncRNA': 15}, {'PREDICTED: Mus musculus predicted gene, 36875 (Gm36875), transcript variant X1, ncRNA': 15}, {'Mus musculus protein tyrosine phosphatase, receptor type, f polypeptide (PTPRF), interacting protein (liprin), alpha 4 (Ppfia4), transcript variant 2, mRNA': 15}]"
